age,sex,income,employment_duration_years,loan_amount,purpose,existing_debt,credit_history_years,credit_limit,credit_used,late_payments_last_2y,num_open_accounts,checking_balance,savings_balance,target
67,female,50484.91,0.03,7469.64,business,8230.5,5.87,14494.52,11322.79,1,5,-657.41,9798.89,1
72,female,26280.29,2.08,7003.17,car,7282.22,2.92,11654.9,3008.47,1,4,2008.07,9209.03,0
51,male,58508.12,11.77,22601.17,other,3570.83,3.96,16684.59,8902.83,2,6,6312.86,0.0,0
43,male,61930.16,5.06,14642.32,business,5269.32,18.67,16458.81,11416.7,0,8,2451.18,16648.32,0
60,female,9881.37,1.03,10306.13,electronics,890.19,3.17,1398.08,819.63,1,11,-1237.4,15813.33,1
27,male,21560.77,3.67,15989.76,business,3891.14,6.18,5282.32,3222.42,1,9,8533.54,8805.79,1
34,female,47301.13,2.16,500.0,electronics,9712.13,7.3,12242.45,4290.41,2,3,7287.34,4232.18,0
49,female,39307.63,2.72,11654.93,car,7419.55,13.18,6770.7,2422.29,2,11,3503.53,4335.32,0
29,female,44697.58,4.32,27980.11,car,6803.78,3.75,14979.47,4654.74,2,6,5827.27,2057.41,1
46,female,29645.21,0.75,13058.77,furniture,4845.85,4.9,4670.21,2013.99,0,6,1199.06,2833.69,1
66,female,60829.16,5.81,12543.31,business,9312.48,6.02,11525.66,5182.18,1,1,4173.36,0.0,0
62,male,59000.25,14.26,16385.03,education,10332.53,1.41,19141.85,11185.51,1,8,729.38,13181.58,1
68,female,46188.55,0.1,19164.84,furniture,4786.01,12.92,9588.44,1542.27,1,10,-2066.25,11064.72,1
67,male,65290.34,4.76,500.0,business,23231.15,2.79,23234.7,2141.16,0,4,9775.77,0.0,1
36,female,53415.17,4.02,500.0,electronics,12028.96,0.22,20095.07,10967.2,1,10,-2219.61,9339.93,0
58,male,29532.74,0.38,13682.33,furniture,3879.54,1.66,6512.45,1324.7,1,1,2892.67,3953.71,1
39,male,51637.51,3.45,6280.99,business,8596.77,4.53,6968.74,4777.59,0,11,2857.63,2805.72,1
73,female,27740.11,1.54,22496.2,education,3789.62,3.56,8204.99,1944.75,1,3,3548.02,6957.05,1
28,female,60812.11,7.06,9478.6,business,4902.28,6.23,8340.95,2682.31,1,6,1730.95,0.0,0
33,male,44101.33,6.05,500.0,education,12836.49,3.19,13499.17,5219.13,2,1,1762.25,3932.5,0
71,male,41672.48,15.08,1855.89,car,934.84,5.56,16272.57,1613.59,0,10,2415.24,4476.89,0
31,female,32743.27,3.36,500.0,car,2812.42,11.68,11398.98,4132.16,1,6,3439.61,4482.69,0
53,male,67005.74,0.21,10127.0,car,19558.27,1.22,18715.18,12666.43,0,11,1994.55,0.0,0
34,female,42218.47,0.19,10492.93,furniture,12446.22,10.5,20194.93,2170.17,0,5,1794.92,6681.5,0
34,female,37290.1,0.38,8604.3,furniture,5457.13,3.49,5246.68,1247.04,1,1,-1963.33,10358.89,0
56,female,38661.6,1.87,20631.03,other,3155.2,20.46,17475.06,4759.85,0,8,8041.05,6443.99,0
63,female,54581.57,7.73,21588.16,medical,4203.15,4.97,22927.07,4275.59,1,2,3607.1,2624.87,1
31,male,51577.99,2.11,10636.89,other,7988.81,0.89,13817.51,2632.7,0,7,2626.72,20134.24,1
74,female,52429.19,0.24,500.0,education,2993.69,10.68,8448.8,2163.61,1,1,126.6,0.0,0
23,male,52754.78,7.97,16938.25,electronics,9762.49,5.79,8564.56,5558.58,0,2,-1010.84,8640.71,1
23,male,83549.66,8.57,16442.88,electronics,18824.84,9.77,39161.59,8256.12,0,8,4579.96,5459.64,1
73,female,37684.53,0.34,14475.13,other,5512.45,0.65,7291.27,1429.17,0,8,1520.41,16073.88,1
21,male,35779.63,3.16,19851.84,electronics,6600.32,0.44,16088.18,4017.72,0,2,3863.19,6320.5,0
35,female,30352.09,1.81,2681.38,business,7182.38,0.84,9145.63,7337.19,1,3,-2056.45,7606.93,1
24,female,56087.63,3.89,28070.04,furniture,9154.54,1.91,15967.8,7999.9,1,10,6640.56,7034.3,0
30,male,65321.5,10.96,4324.58,other,9806.81,5.65,22719.11,10425.29,0,1,4704.13,0.0,1
22,female,42948.95,1.27,17993.78,business,16573.6,2.0,7989.18,5377.21,2,3,1756.81,0.0,0
38,female,29877.18,9.84,500.0,other,5944.0,8.54,8107.12,2273.93,0,11,3402.88,2345.99,0
34,female,30159.34,3.46,4557.88,electronics,7277.26,0.57,14337.56,4904.85,1,7,4223.01,9744.3,0
27,female,56710.67,3.64,24130.95,business,10898.5,0.74,11075.75,696.9,2,1,-2010.94,5398.58,0
58,male,58378.58,3.38,9912.8,furniture,10131.84,29.23,27358.15,12061.21,1,10,7033.48,2759.59,0
20,female,54776.78,3.74,18719.38,education,9289.09,12.02,27261.52,9766.57,5,4,3449.78,12233.2,0
45,female,33020.83,1.22,13895.64,electronics,7595.02,2.46,3987.69,2129.82,0,8,-112.31,0.0,1
35,female,49178.9,1.94,11160.33,car,2383.05,0.91,15370.95,2491.92,0,8,-1289.77,0.0,0
55,female,47100.34,8.14,22910.8,education,13791.79,5.4,7947.13,5980.87,1,5,4961.29,0.0,1
37,female,48936.39,1.43,10106.73,education,7519.11,0.65,17063.42,13045.84,1,5,2633.48,11249.86,1
44,female,60685.72,11.84,500.0,furniture,2192.98,0.35,30089.01,7796.8,1,7,3447.8,3419.64,0
64,female,49024.72,1.8,5574.08,electronics,3562.97,3.67,22490.21,2494.66,0,5,2079.99,9797.75,1
26,female,57220.44,3.28,16409.53,car,4378.61,6.76,26890.14,8170.41,1,2,-1008.23,3344.45,0
42,male,46216.42,5.53,15164.07,business,1963.59,1.61,8565.75,5809.94,0,8,3525.85,10139.1,1
50,female,50204.15,11.58,500.0,electronics,8137.96,2.44,15911.09,10678.8,0,8,1407.39,3239.49,1
59,female,56363.19,0.37,6205.26,car,11118.87,22.31,10930.65,7486.11,1,7,1934.93,6459.47,1
48,male,18771.2,7.7,7346.23,education,2135.65,7.31,8630.43,5840.54,1,9,9131.01,5581.08,1
59,female,39245.92,4.25,9076.24,medical,4441.55,19.9,6925.4,1078.66,0,6,4607.21,6026.24,0
63,female,36533.29,2.49,992.69,other,2265.51,7.72,5903.18,759.02,2,11,4780.29,14108.42,0
62,female,33500.2,2.69,6973.03,other,6911.12,4.77,3513.0,709.92,0,10,10161.57,0.0,0
53,male,40047.44,0.52,6171.12,furniture,12256.51,1.32,6919.36,4076.35,3,11,3153.72,3589.7,1
70,male,71908.94,0.99,18172.27,furniture,7883.32,0.15,12649.15,7542.53,0,2,2359.12,5187.92,1
19,female,29415.04,0.9,18472.97,other,3238.82,4.05,3853.25,2034.19,0,2,-37.62,4289.72,0
46,female,62429.01,1.46,10833.52,business,14853.92,16.09,27911.79,10853.85,2,6,642.34,1612.69,0
63,male,14708.34,4.55,8863.68,education,2445.21,1.2,6059.82,590.02,0,8,-4141.31,791.7,1
23,female,38972.07,4.8,13119.39,medical,3719.93,1.06,7864.28,1951.23,0,3,4371.27,13180.09,1
64,male,47929.56,6.05,5467.4,car,7802.01,8.75,19809.43,10029.39,0,2,-1800.76,3575.67,0
20,female,55552.0,7.57,2825.34,education,2772.18,0.61,14936.03,3265.07,1,1,4708.21,18627.68,0
62,female,57802.08,2.33,4478.23,business,6423.79,1.35,23710.88,6388.21,0,7,1870.92,7169.65,1
28,female,59280.25,13.55,6921.49,other,6735.57,11.77,13587.21,6885.52,0,11,2384.18,2262.07,0
56,male,38722.95,0.03,2692.21,education,7456.85,1.28,12618.33,5913.34,0,6,1872.9,7316.07,0
65,male,36677.67,5.06,13296.48,education,10107.1,10.73,9266.4,4388.04,1,9,6158.22,4653.6,1
64,male,60443.57,3.99,17837.73,medical,12399.04,6.82,10581.87,4741.91,2,1,5628.33,12052.0,1
50,female,41556.52,0.48,500.0,furniture,6163.14,17.32,13890.4,5843.48,1,3,1913.33,0.0,0
69,female,22037.65,8.89,12201.03,car,3862.73,6.79,8822.38,5861.59,1,8,-697.01,0.0,1
25,female,24600.83,7.37,10240.51,education,2294.21,0.66,9870.91,2257.83,1,5,4771.67,6165.89,0
31,female,28449.86,11.04,14732.07,business,6076.5,23.06,6899.54,2620.23,0,1,-923.72,9014.18,1
25,female,53948.89,0.74,11896.49,education,17978.75,0.68,16588.46,3422.37,0,3,-2664.58,5715.43,1
59,female,47563.66,0.87,500.0,business,7298.56,3.35,19287.61,1523.82,1,9,3495.05,8034.85,0
68,male,57428.74,2.47,1900.89,furniture,12562.26,7.78,6994.76,2436.14,0,8,5655.47,7152.62,0
71,male,37309.45,0.5,12235.39,car,3333.54,2.65,4803.79,4592.63,0,9,784.74,0.0,0
47,female,47853.71,2.4,20230.25,medical,10271.39,1.63,11986.83,4510.23,0,4,3213.55,5687.44,0
25,male,56260.63,4.9,500.0,medical,14235.86,6.55,10655.12,2999.07,0,11,752.98,11900.68,1
27,female,39431.76,1.42,14765.81,business,8226.74,0.91,9852.36,2274.92,1,11,4165.98,5030.6,1
53,female,53221.95,4.88,21516.98,electronics,15179.65,0.47,7318.08,5465.37,4,5,5285.09,0.0,1
69,male,33085.33,1.21,10775.79,electronics,8280.71,3.14,11143.25,3222.72,1,3,1211.4,1996.86,0
74,female,38465.03,1.46,16401.62,education,8132.82,21.22,14181.91,10360.68,0,11,-1082.81,7340.54,0
59,female,38128.72,12.5,6375.45,electronics,6817.13,6.51,15889.62,5755.42,0,4,-2371.09,14773.78,0
68,female,23474.89,0.02,11045.07,furniture,4168.26,1.22,8455.87,901.21,2,6,4777.07,0.0,1
45,female,53765.5,5.68,500.0,electronics,6012.59,13.87,13901.21,7080.42,1,11,-1409.7,6167.39,0
29,male,36550.76,3.03,500.0,electronics,1040.04,0.57,17324.01,3110.19,0,3,3116.07,0.0,0
44,female,45224.89,2.68,19542.13,education,11097.17,18.59,17661.8,2429.58,0,10,4332.22,7046.36,0
23,female,53653.44,1.14,4120.04,electronics,12630.9,5.83,16690.11,7754.14,1,2,496.09,7526.99,1
56,female,53037.56,3.98,8355.78,education,13369.58,0.5,9692.09,3823.04,0,4,1501.37,2601.12,1
36,female,56976.93,1.66,908.46,medical,195.99,8.19,20488.33,7918.87,0,5,4997.13,7789.6,0
37,male,43227.26,1.47,720.24,electronics,3315.82,5.04,14554.11,6684.99,2,6,-424.58,10839.37,0
18,female,37380.63,1.48,10609.3,car,5668.89,4.6,13955.39,4079.02,2,3,-729.13,3012.57,1
74,female,43565.07,1.28,6163.38,medical,6316.8,4.81,17968.41,9115.38,0,10,1296.83,0.0,0
42,female,14627.98,0.2,15023.77,furniture,3400.64,3.89,6816.93,1687.89,1,8,5833.74,12553.44,0
62,female,18951.98,16.32,15620.31,other,2411.79,3.23,9089.8,4674.32,0,8,6832.19,8972.17,0
47,female,21191.41,1.47,14566.8,education,1526.22,15.97,7460.95,4897.08,3,9,1703.65,7382.54,1
54,female,27049.56,3.04,13908.81,education,8886.78,2.55,13156.43,4894.6,0,8,-136.36,0.0,1
44,male,52195.94,3.72,24622.15,electronics,13879.57,9.63,24248.61,14097.03,1,8,5192.34,9912.62,0
57,male,28701.38,0.37,3459.25,business,2867.29,13.15,2900.15,955.01,1,8,-3007.89,16254.55,0
29,female,38193.07,13.05,11560.52,business,10555.79,13.99,13560.34,6911.91,0,8,2742.83,3272.14,0
74,male,68386.11,1.92,21061.52,other,16606.84,5.52,11720.54,5833.76,0,11,1868.26,4566.96,1
42,male,38587.25,0.78,22116.32,car,1289.06,4.92,8414.99,1280.1,1,3,5881.48,0.0,0
18,male,58275.28,0.84,625.89,furniture,6131.27,3.15,12762.29,7687.25,1,6,6185.06,0.0,1
72,female,28194.88,1.95,9501.16,furniture,3575.34,1.11,8268.2,4570.01,0,3,-827.59,0.0,0
19,female,41302.12,2.54,22864.97,furniture,10125.75,8.09,4309.73,631.66,1,2,2503.03,4784.94,1
44,male,27899.6,1.73,16064.63,other,4487.82,6.87,5421.41,1037.74,2,11,288.19,1955.33,1
62,female,38897.4,0.47,13562.1,car,4328.98,2.58,4342.83,1445.44,0,6,1120.02,6236.8,0
39,female,60125.55,0.18,10258.52,car,6520.18,0.39,21658.63,6385.52,2,8,3852.16,0.0,0
29,female,13908.23,5.76,8929.59,education,2869.08,0.59,6338.19,3629.35,1,9,995.32,2994.66,0
31,female,52819.63,6.66,14305.75,furniture,6033.35,3.69,26363.09,9182.91,1,1,2581.78,0.0,1
57,female,49279.24,0.54,9981.01,electronics,16116.94,4.08,13769.74,4727.6,3,6,4871.82,5125.43,0
50,male,34305.3,3.97,11659.37,business,9909.21,5.6,7000.22,1346.62,1,2,6545.49,0.0,0
46,male,18970.96,5.37,12628.79,education,3931.31,1.68,8370.77,1456.44,1,4,2866.04,4909.47,1
47,male,46298.33,8.09,6575.43,other,11007.13,10.91,6725.45,1150.89,1,3,2353.3,2327.62,0
36,male,35469.13,8.84,16257.03,education,6852.62,3.64,17369.08,4434.24,2,8,-1321.87,5085.78,0
71,female,49188.17,2.57,35313.96,other,12766.26,3.39,18983.44,4691.36,1,2,6757.4,0.0,0
31,female,45393.34,2.32,500.0,furniture,6095.39,5.68,13689.44,5216.41,0,5,3487.1,7928.29,1
65,female,73832.02,5.54,14592.1,furniture,29847.03,6.03,10237.56,4241.71,0,4,2408.68,2207.54,1
62,male,40691.6,3.47,5918.48,electronics,14585.21,10.02,4365.33,3019.91,1,11,2255.15,5302.68,1
18,female,26577.05,0.89,16619.22,car,309.28,0.47,8446.53,308.99,0,9,3081.96,0.0,0
27,female,48226.96,0.04,12372.46,car,3885.31,6.66,12806.2,606.84,0,4,4315.37,0.0,0
49,male,48959.94,9.29,18094.84,electronics,9486.18,5.01,21398.72,5962.5,3,4,4686.65,1659.08,0
27,female,69465.38,1.51,21404.05,education,17333.3,14.97,24793.73,6123.42,2,8,6832.41,12253.0,1
66,male,60032.0,1.32,13539.37,furniture,4857.42,3.13,16374.24,12240.37,2,7,2728.07,7163.63,1
43,male,51423.68,9.7,21056.42,furniture,13665.81,6.53,9791.21,4251.77,0,7,7262.6,4779.25,1
65,male,71339.45,2.57,500.0,car,7775.17,13.34,20843.17,5656.17,2,1,5173.17,0.0,0
24,female,23602.27,0.63,24723.62,car,4324.16,13.71,3899.04,1484.25,4,1,1819.61,0.0,1
19,male,33484.47,6.79,15000.5,other,5967.01,3.9,12282.27,7175.06,1,7,-3002.12,5659.93,1
54,female,28321.63,0.35,20622.75,car,2583.09,0.54,9694.26,3296.11,4,6,2256.69,8204.14,0
63,male,37983.42,15.01,2240.99,business,7520.99,4.67,16106.06,9102.84,0,10,6675.43,5253.84,0
74,female,20219.65,3.12,5353.84,medical,2203.19,4.72,5657.69,1813.68,0,1,-325.79,14257.34,0
62,male,56432.72,5.75,13167.51,furniture,3977.12,14.5,11933.23,5677.78,0,3,2247.39,0.0,1
60,female,40999.99,4.64,11863.7,furniture,965.14,5.5,17816.88,8722.17,2,9,2495.66,5076.22,0
21,female,18525.49,2.81,14264.55,electronics,4546.78,3.94,6972.97,3419.43,0,11,4826.38,0.0,0
52,female,26719.58,2.46,20676.12,business,5128.09,11.17,10225.15,712.17,1,9,836.57,5266.27,1
58,male,50643.25,3.4,500.0,car,9269.29,9.84,15761.89,7908.25,3,1,-608.15,12816.24,0
40,female,60086.28,1.22,19790.55,medical,4660.57,8.84,27062.35,5458.45,0,1,3710.01,0.0,0
74,male,80941.16,4.39,12066.26,electronics,10233.13,0.15,15468.94,3340.51,0,10,-230.16,9052.79,0
74,male,97449.52,0.8,10369.75,education,19131.67,1.19,25402.83,7301.03,2,6,-3506.52,12646.24,1
66,female,52459.37,0.92,500.0,other,5952.46,2.77,21953.88,6813.55,0,6,7521.12,0.0,1
68,female,27188.31,4.28,16024.39,car,8672.64,2.64,4164.82,2109.35,1,11,4781.09,6801.64,1
50,male,8000.0,8.06,500.0,other,1892.36,21.03,3385.95,435.34,0,3,7650.16,13477.79,0
64,female,49818.81,7.09,17187.15,business,8096.53,15.24,12008.23,9003.14,1,4,4622.04,5382.85,0
22,female,30367.06,0.58,500.0,electronics,5886.19,2.39,4561.18,1779.43,0,8,4041.09,8720.29,0
31,female,37523.57,1.6,12427.66,car,10160.86,0.45,4940.35,2817.24,0,10,3108.61,0.0,1
55,male,33982.26,13.3,11046.65,car,11591.73,15.36,14857.43,1930.29,0,5,1441.92,7582.82,0
25,male,42465.76,5.58,21356.31,medical,13650.62,0.61,17472.38,2298.16,0,2,3536.32,7103.43,0
64,male,64187.64,8.23,10570.76,electronics,4380.62,2.09,13814.24,5398.31,1,1,340.3,0.0,0
28,male,47826.87,3.23,6446.89,medical,4517.68,3.25,7008.78,6452.2,0,1,-1207.69,0.0,0
37,male,42144.57,10.04,7947.18,medical,2774.67,0.59,8382.29,5850.37,2,5,1003.32,7624.01,1
32,female,26358.23,0.69,22183.06,electronics,6260.68,4.47,4881.41,3981.98,0,6,5874.48,2183.73,1
48,male,14855.71,1.89,16290.38,electronics,4351.21,7.8,5841.59,2448.5,3,6,-1697.22,10671.63,1
22,female,36246.46,7.44,8914.96,furniture,4073.34,4.26,6750.01,512.11,1,3,-1649.55,5864.36,0
64,male,44031.91,1.63,10108.43,business,5644.67,5.21,8209.28,1834.29,0,8,3773.93,4338.73,0
68,female,76822.74,2.65,500.0,business,8385.04,9.72,8673.84,2012.77,2,10,754.76,2977.31,0
60,female,47344.94,1.68,15107.79,electronics,3352.71,11.19,16037.81,5041.49,0,3,3456.49,5756.09,0
28,male,62689.31,1.24,500.0,education,25076.64,0.01,23545.59,12186.95,1,8,4969.57,8817.59,0
34,male,36012.68,7.59,18014.37,education,5465.76,8.44,13014.84,3292.81,0,6,3384.6,7203.1,0
30,female,23671.01,2.3,13028.97,furniture,5484.29,3.38,7750.83,2441.31,0,8,103.26,1461.95,1
52,male,27627.9,3.53,31095.61,education,10543.13,14.87,13439.04,8419.26,0,1,5848.8,11436.62,1
68,female,31945.93,4.52,3198.92,medical,11284.97,3.95,9235.42,5711.43,1,8,4226.37,7946.17,1
68,female,83312.46,1.38,11178.7,other,4625.88,1.48,36995.28,17704.1,1,9,2080.48,6311.4,1
72,female,30215.04,1.44,26386.3,electronics,4505.81,4.23,10829.19,7085.42,0,8,1935.25,4550.18,1
57,female,60092.81,7.12,21531.12,furniture,12159.68,23.23,8032.29,4325.98,1,10,3121.98,7000.3,0
30,female,28747.31,4.42,6430.3,other,9372.14,6.6,12189.88,8472.97,3,9,1064.05,0.0,1
40,female,61768.31,3.35,13791.74,other,10901.46,12.68,20615.51,5653.4,2,11,-2893.61,5447.86,0
34,male,51929.12,0.18,12015.99,medical,3565.1,1.91,18767.72,9221.55,0,8,4250.47,13841.1,0
21,female,42180.52,3.81,14255.65,electronics,6041.0,2.93,7258.89,3590.94,0,5,4072.23,5319.92,0
63,female,44266.27,1.31,6410.56,furniture,526.68,5.15,12173.05,4822.39,0,10,-4903.2,4500.86,0
50,male,33213.82,8.36,11285.44,business,6939.21,12.6,15020.39,6166.57,0,8,3532.03,424.69,0
73,male,53029.3,0.93,500.0,furniture,12704.71,2.46,9872.6,6474.65,2,7,7269.45,6956.36,0
65,male,36810.3,7.26,13080.99,medical,5850.47,3.87,3682.87,948.24,2,7,-1382.92,2829.55,0
55,female,22939.1,6.13,15600.17,electronics,6563.68,0.05,4656.72,1388.86,2,4,1780.13,11855.8,1
20,male,21997.12,7.43,10180.64,electronics,1728.08,1.89,6489.52,3808.97,0,7,1454.05,0.0,1
43,male,48106.58,10.93,500.0,medical,10686.47,19.67,20614.21,9643.65,0,6,6981.24,1286.17,1
45,male,73423.64,2.91,19908.25,electronics,8512.86,6.66,26235.47,15278.15,1,2,5362.84,394.73,0
56,female,47879.85,7.02,14916.2,car,5329.66,20.01,22389.83,4212.47,0,5,-635.25,15007.47,0
50,male,42864.51,8.49,6191.88,medical,4511.63,10.56,12097.47,1985.07,0,11,3026.36,2861.41,0
62,male,50144.87,6.69,9755.2,electronics,11075.23,14.06,12853.44,6599.33,1,4,8908.02,711.54,1
19,female,68508.03,1.54,500.0,business,12475.7,1.69,13192.41,2579.97,1,8,125.88,0.0,1
24,male,48948.89,1.96,3796.72,business,8319.86,34.55,9164.45,3228.51,2,5,1966.54,0.0,0
72,male,37603.31,10.6,7697.51,car,9105.23,3.7,14832.4,8493.57,0,4,3540.52,7167.31,0
42,female,64913.2,3.9,21827.37,car,9349.42,6.77,8577.87,3720.71,0,5,169.84,7143.25,0
64,male,52717.62,8.36,6883.97,medical,7775.9,11.0,10389.87,2537.63,2,11,7289.61,92.78,1
66,male,72643.61,0.87,17121.71,car,24019.83,7.83,33006.21,13928.32,2,2,582.0,426.06,0
24,female,48298.22,2.64,7693.47,electronics,3572.54,0.66,15975.52,10885.91,2,8,-2167.11,15159.23,0
58,male,22959.56,3.94,13983.58,medical,2095.47,4.86,2723.81,1100.97,0,10,425.05,20178.28,0
27,male,20373.13,6.92,10868.84,furniture,6557.34,18.5,7776.47,331.51,0,3,3959.06,10898.64,0
26,female,74716.7,2.8,18984.45,education,19580.17,18.2,22614.72,8726.14,0,9,-394.52,13355.68,0
31,female,76025.98,3.34,7721.51,car,9598.96,7.29,33588.94,14261.37,0,8,2906.6,14628.55,1
61,male,41768.65,3.65,500.0,education,4452.99,3.91,15578.6,8631.28,0,4,3687.65,17287.43,1
23,female,38102.63,2.45,944.41,business,4237.19,5.28,3878.03,2060.51,1,2,-1626.8,2188.43,1
56,female,71306.0,3.56,7744.98,furniture,19526.28,2.0,12998.77,6465.79,0,11,308.89,0.0,0
39,female,25073.18,1.68,2007.52,furniture,3517.07,1.55,5094.51,2226.38,1,3,3046.91,15000.94,0
33,female,28894.91,4.05,15281.7,education,2466.94,10.47,11005.87,1947.09,0,11,4107.24,0.0,0
31,female,56579.88,4.91,8273.85,medical,14618.69,1.79,17184.76,3363.89,2,8,383.65,0.0,0
37,male,37897.11,4.8,30996.85,education,2651.92,5.92,15120.15,5415.31,4,10,2455.32,0.0,0
37,female,44907.81,0.3,500.0,business,6023.47,21.67,13703.48,1208.5,0,4,1148.19,3211.62,0
35,male,42058.03,0.09,13629.07,electronics,12296.93,6.51,9713.46,5048.37,1,1,4183.55,0.0,0
47,male,51076.34,5.53,2976.38,car,10167.22,7.34,7225.48,1622.73,0,8,3558.24,0.0,0
74,female,70334.67,2.62,8052.79,other,28688.8,6.13,12734.01,2030.98,0,5,879.55,265.97,0
43,male,46630.53,1.44,13131.36,medical,7039.89,16.98,12138.49,6508.13,0,7,3435.33,0.0,0
28,female,56590.9,15.11,500.0,car,8105.51,6.32,18142.01,3272.67,0,6,762.2,10374.47,0
52,male,8096.9,0.72,13894.61,furniture,1001.65,1.28,3849.71,1786.74,0,4,3372.09,4039.89,1
65,male,44123.07,2.48,27223.26,electronics,10446.93,5.01,8643.18,5788.43,1,8,3413.88,7462.13,1
52,male,29821.86,1.14,8372.49,car,5087.53,1.9,10927.74,2208.42,1,6,9113.14,6805.18,0
48,female,23061.36,6.46,14078.46,other,5098.83,4.9,3713.3,1000.33,0,7,991.21,2759.36,0
56,male,29193.26,8.61,20199.37,furniture,2466.76,1.46,11254.04,2112.81,1,8,1576.19,9928.79,1
68,male,38985.78,1.73,10688.37,furniture,9711.48,6.08,4075.43,2409.28,0,8,58.31,6712.89,0
22,female,61486.25,2.02,7352.32,electronics,13350.05,2.7,22280.65,8451.39,1,4,-1098.47,2089.6,0
73,male,21124.93,0.9,500.0,other,3800.08,8.17,3491.68,862.53,0,9,630.62,0.0,1
68,male,45551.37,3.06,17127.93,furniture,5068.98,4.25,7840.75,4584.12,1,3,3995.3,7123.95,1
72,male,36284.95,3.08,11094.65,electronics,11426.5,1.57,11740.47,3957.74,1,11,4212.38,0.0,1
46,male,39101.88,1.69,3898.53,business,9562.24,3.28,9781.91,1759.18,0,9,2887.04,6281.7,1
66,female,63049.64,6.61,13012.77,furniture,12210.32,6.36,18191.21,5331.8,1,7,1112.71,4473.33,0
22,female,54686.08,3.84,7330.56,car,2959.67,1.93,12225.38,3979.68,0,2,519.88,0.0,0
41,male,69073.17,4.02,7772.59,car,12821.09,0.63,33250.91,3476.96,2,10,-750.49,5550.38,1
68,female,42218.9,1.34,16850.33,furniture,7982.98,11.61,9130.36,663.18,1,7,329.34,5147.92,1
33,male,32473.03,8.68,1292.94,electronics,3541.78,2.04,10288.07,5743.66,1,9,-1885.38,5169.69,0
61,male,40970.54,14.26,20378.52,other,4871.83,5.37,18098.42,2848.07,1,1,6073.57,4881.98,0
36,female,49364.94,3.02,818.51,other,13152.62,2.87,18051.39,9142.78,2,4,7511.45,85.67,0
51,male,48178.32,4.27,6698.39,education,7705.88,1.81,11038.17,4992.85,0,4,-3807.59,7549.65,0
55,male,25481.01,0.89,27383.57,other,2062.85,12.64,8178.76,5361.11,1,9,2867.79,0.0,0
68,female,46628.82,6.39,21018.84,car,7078.05,27.24,6210.79,2383.54,1,6,2818.08,0.0,1
37,female,49108.11,3.54,12780.83,education,3006.18,1.61,15629.86,5022.26,3,2,2626.43,8047.8,0
62,female,90314.53,1.96,4475.76,education,12656.88,7.21,24615.73,6695.5,1,7,221.77,9618.58,0
42,female,78783.2,3.68,7765.82,car,35564.43,4.26,31763.3,7495.0,1,2,5067.54,7637.19,1
40,female,29641.62,3.74,12586.2,education,5114.53,15.27,13017.45,3522.97,1,5,3231.43,2756.83,0
22,male,39827.1,0.33,12300.19,education,8532.54,5.4,7162.77,3056.77,0,11,5102.37,0.0,1
22,male,18658.04,10.53,11273.03,medical,3146.72,0.95,2474.32,1264.12,0,5,-212.54,12890.14,0
61,male,34367.27,3.25,11753.34,electronics,2393.66,15.02,8805.68,751.26,2,5,-2149.55,0.0,0
23,male,50680.89,2.81,10285.0,education,8388.0,25.19,15896.58,7257.97,1,1,3304.72,7516.37,1
24,male,66705.37,1.06,500.0,furniture,10130.03,6.47,16724.42,4126.52,0,6,-888.83,16661.42,1
28,female,31876.49,3.3,7867.91,education,9973.04,1.06,11202.18,7841.88,0,11,5163.8,4896.8,1
37,male,33225.36,0.78,19316.99,car,3929.86,14.52,10042.72,3911.98,1,11,-4379.86,5747.4,0
27,female,8000.0,2.18,1053.33,education,2243.05,3.23,3797.2,416.19,0,11,594.38,6275.93,0
51,male,42072.01,3.95,10483.56,electronics,4161.57,1.87,11096.76,5161.65,3,4,152.23,5189.0,1
64,female,25876.54,8.03,5441.97,furniture,5376.3,7.11,3441.52,415.0,2,1,1002.87,18103.68,0
48,male,35470.09,0.09,12890.8,electronics,2294.32,19.96,7830.87,1436.22,1,3,2783.3,0.0,0
55,male,29216.51,1.54,8890.93,other,6451.15,10.12,10002.49,3362.86,2,3,3188.71,0.0,1
68,male,43303.27,0.82,23819.15,business,4294.11,9.63,8765.02,1824.07,2,1,3919.21,2034.99,1
68,female,13360.89,12.12,16052.67,medical,510.74,0.9,2773.66,1376.34,0,8,4264.96,14444.99,0
55,female,18593.19,1.21,1505.57,electronics,1666.76,10.68,4384.81,1433.45,3,6,1485.42,538.74,1
21,male,83326.45,1.59,17369.82,electronics,17146.81,8.26,33201.98,6771.01,1,8,8326.11,6581.79,0
62,male,21826.39,3.25,5802.79,car,3726.95,5.22,10390.53,4279.21,1,3,6161.27,10426.05,0
61,female,25257.86,0.76,7384.03,business,1081.13,4.97,6065.69,1010.39,0,8,1064.04,8673.9,0
35,male,78064.44,2.51,14510.55,car,15821.73,0.25,13910.71,5825.83,2,1,1589.38,10108.44,1
27,male,97291.21,17.37,8066.02,other,15341.39,0.57,26098.83,917.14,1,8,1000.86,12507.92,1
25,male,23911.8,0.58,19142.85,business,2224.79,6.9,5756.43,423.98,0,9,3089.9,5849.39,0
33,male,38371.52,0.16,5803.92,education,4470.42,16.24,19032.66,7483.9,0,3,-915.81,1257.71,1
60,male,51148.0,0.35,7048.43,business,9052.95,7.63,14605.17,8961.48,0,4,-368.61,4883.31,1
71,male,76116.56,3.55,6749.03,other,11715.67,5.76,28293.54,11854.83,1,5,-4502.1,1965.68,1
26,female,27236.57,8.54,7474.89,furniture,2913.78,1.48,12679.04,2193.89,1,7,804.02,19129.31,0
41,male,40585.0,2.43,20793.53,medical,4901.55,7.45,14270.69,3307.56,0,6,5194.28,804.06,0
65,female,58992.08,3.13,17030.37,other,4680.01,0.06,11783.75,2240.85,0,2,1543.7,6898.85,1
22,male,52825.79,1.61,25679.55,business,5801.98,14.12,18117.35,4477.66,0,5,1711.51,0.0,0
71,male,38229.19,2.39,30141.15,business,1856.4,5.02,9968.28,2910.74,3,6,2834.48,4796.91,0
19,male,42591.19,8.1,3754.26,education,1889.98,3.28,11454.47,9154.42,2,7,-1006.71,2277.38,1
34,female,20251.88,3.5,12563.35,furniture,1935.4,10.15,9958.45,5820.37,1,7,2075.86,8054.11,0
19,female,40712.87,11.9,2590.4,other,8815.13,2.97,8608.18,3527.7,0,8,4670.99,8210.52,0
61,male,40205.03,5.72,5779.15,electronics,6127.36,10.43,11561.92,4176.4,2,5,2919.69,12501.99,1
42,male,49179.06,5.47,6959.34,electronics,10532.01,3.91,8062.75,3808.86,1,6,4934.49,12025.42,0
42,female,35004.11,5.24,3542.76,other,5679.49,17.3,6000.32,1080.99,2,4,5792.4,3602.17,1
49,male,53487.69,5.43,3584.9,car,10532.45,4.49,18260.37,5856.19,4,3,3987.77,0.0,1
35,male,63228.88,7.05,10845.72,electronics,6032.8,2.27,25317.24,14337.95,1,4,-140.1,0.0,1
61,male,47797.73,1.32,2266.25,education,4416.6,5.92,16948.31,4942.58,0,5,967.59,5816.43,0
42,female,51331.62,1.78,18737.02,furniture,7522.22,5.98,11894.23,1409.8,0,2,7794.47,4946.72,0
63,male,45956.8,5.69,4657.97,business,9694.98,14.84,5691.62,1833.21,0,3,2942.51,5547.56,0
54,male,45001.52,9.93,34476.55,education,3744.62,2.23,12965.19,6065.52,0,2,2542.87,789.34,1
56,male,32011.96,2.13,8388.92,furniture,3766.42,11.73,9658.26,2733.54,3,5,-579.88,12623.42,1
74,male,50696.9,1.37,12576.14,furniture,5413.97,3.98,20697.55,11009.13,1,6,1725.62,0.0,0
46,male,43248.84,0.48,1637.27,electronics,17536.03,7.3,15401.6,2532.97,0,2,4149.12,457.21,1
35,female,82677.03,0.34,25648.73,medical,14600.61,10.42,37080.93,13902.26,1,2,2044.54,0.0,0
59,female,73320.39,3.49,20956.01,education,12179.31,1.13,30295.48,17826.28,1,6,441.87,2746.16,1
58,male,51945.24,1.09,14375.33,medical,5524.39,2.87,12796.77,3327.59,3,3,1137.84,11479.4,1
45,male,31264.97,9.54,1225.58,medical,190.27,3.38,11033.05,5300.38,0,10,5575.48,2273.48,0
37,female,24976.59,0.64,13685.34,medical,6333.66,0.85,9963.53,4864.07,1,2,4003.34,4608.86,1
71,male,66440.57,2.42,3028.55,medical,3929.63,2.24,32074.33,4507.11,0,6,3602.12,7985.46,0
32,female,49729.49,5.36,23698.84,business,6295.77,1.09,13374.29,3205.67,3,9,3322.65,1988.1,0
22,male,53642.58,1.62,18473.56,electronics,3061.01,11.98,19274.47,7548.15,1,2,-1549.09,6295.77,0
54,male,13597.45,2.0,12763.51,business,3604.69,5.59,3495.44,1310.51,0,5,2817.05,5504.53,1
22,female,61693.89,15.86,500.0,other,14082.21,2.88,24377.19,21519.52,0,6,5204.02,0.0,0
61,female,53179.57,0.48,4132.67,electronics,2286.42,17.63,24717.72,10058.09,0,7,1217.24,1214.11,0
66,male,25012.25,3.49,17502.09,education,2009.67,1.45,11697.99,4162.34,1,10,4932.28,6127.51,0
58,male,36512.55,1.69,21703.07,other,5822.37,2.59,5945.52,2022.37,1,7,3635.68,11693.15,0
31,male,49746.91,0.74,20873.36,business,672.8,12.57,9035.96,2171.71,0,5,4483.02,11687.56,0
71,female,45944.4,11.05,500.0,furniture,875.61,0.65,18468.35,9497.3,4,5,2152.81,16572.92,0
23,female,39740.92,3.99,14412.42,electronics,4382.11,12.02,14004.86,7907.61,1,7,4659.76,6912.74,0
24,male,43137.21,1.08,20124.12,furniture,10741.54,2.18,19931.24,5125.01,1,4,-2394.04,1520.11,1
35,female,40464.41,2.71,500.0,education,4108.53,2.02,9125.54,1762.54,1,8,2099.44,3616.29,0
48,male,47746.13,5.66,11936.76,other,12284.29,2.32,20970.5,10858.02,0,5,4139.04,3317.41,1
58,male,71486.86,2.1,14190.74,medical,12122.42,1.72,26701.08,9312.95,2,1,2888.9,1552.72,1
34,male,8000.0,2.03,9593.88,other,930.36,2.82,1425.46,828.19,0,6,5286.87,6297.73,1
70,female,40736.7,3.09,500.0,medical,9856.6,5.35,6134.85,5251.72,0,3,1528.7,6576.93,0
64,female,48177.22,1.25,9394.42,education,3764.01,2.49,18359.83,10716.63,0,4,357.63,0.0,0
31,female,50327.89,0.08,9381.56,business,10904.01,11.43,8222.8,4095.47,0,4,-2917.22,10529.02,1
21,female,38305.54,9.68,10815.42,education,11047.69,1.8,16001.43,7610.68,1,2,1181.1,0.0,0
58,female,13379.01,0.21,7492.23,car,1451.3,3.37,4319.25,2783.14,1,4,3550.62,2665.11,1
28,female,50903.92,3.66,8455.9,car,1710.5,0.37,14800.15,11503.96,0,11,4283.03,10895.89,1
34,female,76092.3,0.48,11682.35,education,788.85,7.19,15995.49,4714.32,0,4,-2197.56,7644.35,0
62,male,17390.49,0.47,15539.64,business,1722.38,4.63,8582.87,4164.26,2,9,5525.98,1858.16,0
28,female,60548.9,2.75,9564.59,furniture,6934.57,8.55,23545.46,2441.57,1,5,-923.26,15812.94,0
38,male,39086.55,0.95,8722.81,car,5605.57,0.94,16073.38,6564.96,1,1,1636.56,1359.56,0
70,male,43896.16,7.33,12738.83,car,7504.46,0.65,17887.0,14494.95,1,10,293.55,0.0,1
56,female,26047.83,1.06,500.0,electronics,3602.39,9.52,8689.72,7271.16,1,10,3251.75,6716.44,0
53,male,38979.79,8.31,15816.28,other,3328.74,2.8,18549.68,6772.68,1,3,2282.22,0.0,0
74,female,68400.8,7.21,11995.5,electronics,4505.9,16.3,22813.62,11087.11,1,2,4033.91,0.0,0
61,male,55487.79,11.83,12317.55,other,2753.18,8.21,17091.25,7122.21,2,11,7531.41,7736.5,0
44,male,76181.61,3.76,19685.87,other,13795.4,0.96,15958.84,4103.91,2,2,3193.56,1234.85,0
55,male,66193.41,9.6,500.0,other,15598.72,0.79,14078.97,3487.07,2,10,269.96,7483.66,0
48,female,52903.56,0.83,500.0,other,3531.68,7.99,20883.87,2147.26,1,2,3383.21,0.0,0
38,male,76390.82,7.2,14190.43,furniture,16643.28,8.85,17868.35,2407.47,2,10,7835.42,9150.88,1
73,female,52901.88,1.31,11943.07,other,5982.73,7.59,20710.25,10284.32,0,11,3969.02,0.0,0
51,male,59903.79,8.09,13361.42,other,11311.1,7.27,28818.68,9755.9,1,3,4837.08,11911.79,1
60,female,39661.72,4.82,8302.98,medical,10869.12,14.65,10935.65,1660.15,0,3,-2780.73,1147.86,0
41,male,46197.82,3.21,17314.83,furniture,6990.54,12.85,6418.28,4466.58,0,2,3160.64,13186.95,1
29,female,32446.37,4.09,19461.11,electronics,1913.65,3.77,11895.44,7722.74,0,9,1195.95,0.0,0
24,female,62812.51,3.85,15871.86,business,3133.2,8.66,6520.52,1512.92,1,4,-40.37,15548.59,0
63,male,23790.53,1.08,9913.37,car,3633.79,4.78,9868.35,4525.56,0,8,1933.05,0.0,0
47,male,59082.31,3.89,500.0,medical,4501.36,0.84,18330.95,4808.38,0,7,2325.9,0.0,0
47,male,41568.28,11.92,18153.89,electronics,10788.27,14.94,12299.76,7924.37,1,6,126.82,4258.62,1
24,male,66082.45,3.59,21773.83,car,6771.43,0.88,21660.3,6747.1,0,3,2565.39,11403.93,1
62,female,58515.64,0.54,17156.47,electronics,9700.85,9.96,17938.76,12023.43,1,5,1479.54,8744.73,1
33,male,77771.63,7.54,4962.86,electronics,13984.9,0.77,17849.44,10191.38,0,6,4107.32,10977.83,0
52,female,58153.94,1.17,17390.36,business,19723.76,1.58,12363.74,5857.89,1,2,2682.72,8863.12,0
37,male,16703.28,5.09,18884.24,business,1609.71,9.9,4445.06,2583.33,0,5,3127.77,0.0,1
30,female,43794.84,0.28,24470.53,electronics,7135.73,2.22,20056.45,2071.75,0,8,4938.16,8598.5,0
27,female,23903.87,1.52,4991.12,business,4425.04,3.5,3684.74,1029.86,0,5,3664.87,4557.0,1
64,male,35670.96,0.1,10188.36,other,4501.14,5.18,8200.96,4403.27,2,5,1981.75,0.0,1
23,female,72202.11,3.3,17978.18,electronics,7772.22,23.32,12774.01,8070.25,2,10,-4260.77,5076.12,0
18,male,56475.61,2.79,12459.28,electronics,3943.06,1.02,15296.69,10359.52,1,6,3541.18,3662.05,0
35,female,32419.25,2.94,3061.38,car,7048.28,1.41,4973.09,377.03,2,9,-735.77,12495.96,0
68,male,26753.09,6.51,15316.93,electronics,6058.69,4.49,10816.76,3766.48,1,1,1741.29,910.74,0
58,female,45590.08,1.89,16629.29,furniture,9185.09,1.49,6445.84,1097.56,1,11,3113.14,630.29,1
64,female,23101.92,1.28,12703.7,medical,7366.26,2.46,8457.72,768.64,0,9,5999.09,0.0,1
29,male,32919.48,0.18,13756.68,car,6031.69,0.49,6817.1,3108.64,0,10,7526.97,15381.09,1
73,male,50616.17,3.13,9930.35,business,3621.8,1.1,14621.8,2443.87,3,8,-763.65,143.88,0
24,male,65795.62,5.94,23826.23,medical,8934.09,6.58,11842.89,5180.81,0,6,-1947.59,11781.03,0
20,male,55957.71,9.36,4794.46,furniture,3000.28,8.17,21940.43,6213.65,0,6,2977.15,0.0,0
45,male,8000.0,0.41,7301.43,car,835.46,2.74,3834.48,1814.63,0,7,2727.28,7039.74,1
42,female,50478.6,0.54,12087.88,business,14417.41,3.07,9525.22,5211.63,2,6,-1605.63,5575.06,1
34,male,46296.6,1.12,19031.63,business,9610.19,0.28,22280.76,7703.48,1,9,1950.19,11400.21,0
27,male,52450.03,8.74,500.0,education,3781.52,10.88,12069.25,2376.01,1,4,3792.62,10530.27,0
36,male,74091.77,1.89,1517.63,other,26400.11,9.16,23941.93,14920.41,1,9,-1690.46,4491.34,0
39,male,8000.0,4.02,500.0,car,475.72,15.34,3045.09,337.55,0,4,-983.76,777.54,0
52,male,34360.14,1.09,12261.56,furniture,5545.82,8.45,6174.77,1089.84,0,6,67.52,13749.77,0
38,female,55636.31,4.31,3053.55,education,13484.45,0.97,15461.64,4230.16,3,1,1363.22,178.32,1
31,male,16531.3,0.04,8923.6,education,4106.95,13.92,2101.64,251.15,1,10,4081.91,0.0,1
52,male,71567.08,3.08,17291.03,other,4560.74,5.67,27111.15,1944.35,1,8,1020.56,0.0,0
51,male,51630.42,0.51,6867.66,business,3968.39,16.36,13767.07,7638.57,1,3,2165.95,0.0,1
42,male,60238.51,11.15,13850.26,furniture,6194.88,3.71,27508.39,16866.82,0,1,8738.53,7574.17,0
24,male,34723.01,1.01,9605.3,medical,3964.13,0.84,7277.83,2855.35,0,10,-868.93,17286.81,0
73,male,59647.75,0.41,17376.91,electronics,14234.84,3.74,28001.07,8629.46,1,1,41.02,0.0,1
47,female,64232.49,7.55,15801.02,other,6035.14,6.16,10046.98,3016.51,2,6,4034.27,0.0,0
33,male,49191.8,0.42,6464.53,furniture,6570.35,3.69,16862.29,8730.15,1,1,4964.13,4534.15,1
59,female,49219.22,1.56,10650.79,medical,3852.41,3.52,10981.95,756.04,2,8,3244.4,13273.04,0
41,female,49866.18,11.17,20349.95,education,9201.84,9.41,8612.52,1972.56,0,3,7426.9,0.0,1
27,male,29459.79,2.45,15147.01,education,3766.54,20.31,4052.93,1061.3,0,5,2952.37,7544.8,0
57,female,42344.48,6.42,824.3,other,5606.77,3.9,15339.59,5152.79,0,7,-3928.31,2499.46,1
23,female,42254.59,0.38,17244.94,furniture,12851.23,16.51,8166.43,3981.99,2,5,2290.99,19642.97,0
33,male,51901.09,1.36,3323.12,electronics,1534.14,6.27,17081.99,2766.55,1,8,287.05,4867.24,0
55,male,62996.84,7.19,23300.1,furniture,4439.14,6.68,30979.8,20948.95,0,6,6151.44,6134.13,0
59,male,25946.35,0.65,20192.79,medical,4474.69,1.45,5873.86,1467.78,0,5,4893.87,4505.54,0
74,male,42749.84,0.73,14319.08,medical,3965.75,4.05,4872.53,1309.19,1,4,-2769.07,1511.88,1
58,male,71666.2,0.66,13257.86,medical,8914.47,2.14,11260.84,6226.62,0,5,6050.95,9699.22,1
31,male,31615.41,20.7,10327.74,furniture,5998.77,3.06,4670.51,1339.17,1,4,4818.1,0.0,0
58,female,30199.5,3.89,17428.19,furniture,6885.2,0.35,8616.32,3707.05,4,7,1026.61,0.0,1
60,male,48641.51,0.98,9033.77,electronics,5907.25,4.04,19352.52,5623.89,0,9,1764.67,3098.83,0
56,female,60198.93,5.21,13884.56,medical,12474.66,2.87,13158.15,1068.78,1,7,6176.53,8893.38,1
60,male,45205.67,1.9,18975.47,medical,4428.3,3.51,7157.73,3157.41,1,1,-3914.54,515.34,1
64,female,68921.29,0.35,7505.55,other,9819.92,1.37,24557.12,2488.45,1,10,3336.19,5118.94,0
50,female,60422.29,7.95,7070.46,medical,9454.2,0.26,13321.43,8899.29,2,9,5280.23,0.0,0
74,male,60152.76,6.01,2445.08,other,10897.17,5.46,19854.51,13558.17,0,10,1733.86,10375.98,1
54,male,54974.1,5.69,3484.22,furniture,7752.91,0.55,26031.04,7131.58,1,1,3943.73,7911.46,0
21,female,86897.76,0.88,500.0,business,1998.04,0.87,18816.73,12552.16,1,10,2309.46,4118.37,1
27,female,41307.09,5.08,17838.63,education,8577.63,2.86,12598.52,2185.98,0,6,-352.12,5012.38,1
46,female,8936.6,1.86,26471.32,furniture,3357.51,4.76,3777.72,936.9,0,10,-427.09,0.0,1
42,male,73876.58,3.22,23402.63,other,16585.2,1.4,27828.36,10244.84,1,9,4135.79,0.0,0
64,male,36761.41,10.32,500.0,car,2435.84,0.54,14726.3,2150.85,1,10,92.88,3268.05,0
56,male,46941.85,8.28,17798.84,medical,12548.74,3.68,19200.52,922.91,1,2,-2573.74,7082.41,1
18,male,68571.91,3.05,23376.85,furniture,14394.93,15.23,21666.42,9608.49,0,7,2367.2,7386.27,1
43,female,16159.33,2.29,8345.52,furniture,3972.71,5.06,5080.89,2017.4,2,9,460.76,1822.4,1
49,male,22470.35,4.39,12811.58,business,2488.56,3.84,8708.52,4853.88,0,7,-1597.32,8472.27,1
73,female,16177.0,6.61,500.0,education,4795.35,1.3,6132.04,3378.79,0,9,2215.24,12524.75,0
55,female,30705.55,5.05,14133.89,electronics,5345.9,5.93,11300.35,5201.95,4,8,4301.83,3468.0,1
28,male,52913.46,1.95,3491.52,other,10811.5,0.44,13379.37,10046.34,1,1,2060.45,5857.98,1
28,male,54435.38,0.33,13597.08,business,4245.94,10.51,23484.35,3340.52,2,3,-1198.72,2752.88,1
36,female,49972.94,2.55,500.0,business,6235.3,20.87,9718.79,5248.41,3,7,3445.41,3242.16,1
40,male,19570.21,0.09,16342.87,medical,5851.22,10.87,3176.1,1589.34,1,4,5105.47,5017.39,1
24,male,8000.0,0.59,20196.1,medical,2332.04,0.05,1904.52,629.88,1,4,8639.1,14219.59,1
62,female,45978.36,5.33,5734.56,furniture,8814.22,4.75,9266.13,4524.52,0,11,6325.53,9491.66,0
21,male,36508.03,3.0,2904.62,education,5822.35,11.38,13335.4,3352.59,2,1,-1016.08,8951.11,0
21,female,53268.94,3.01,500.0,other,75.58,10.74,10249.33,6336.91,0,6,4574.25,1277.54,1
25,female,57635.17,2.88,9868.69,medical,5018.41,0.05,20898.28,17431.53,1,4,2769.57,0.0,1
25,male,47488.35,3.36,7347.25,car,6365.56,5.37,14497.68,5453.48,0,1,-1456.3,6337.21,1
50,female,58682.4,4.6,500.0,furniture,5956.09,14.22,9446.69,4393.79,1,5,2851.39,11462.47,1
64,male,49125.8,6.83,15624.15,furniture,5903.67,6.62,9990.15,1488.22,0,5,7756.03,14340.43,0
71,female,54541.16,7.36,8400.24,education,6004.22,17.2,16836.35,7619.62,0,6,5587.59,0.0,1
64,male,32315.88,1.77,3394.11,medical,1234.7,7.64,12707.97,2055.46,2,2,-1040.35,18678.33,1
57,female,41766.99,1.17,7563.42,education,13259.92,9.11,10830.21,2521.63,0,9,2041.15,6501.92,1
51,male,48541.97,9.23,20570.44,furniture,7069.28,3.18,9375.06,4125.88,2,4,3475.02,9453.58,1
35,male,59769.51,0.94,16823.5,education,6268.65,19.3,13031.62,4919.49,1,7,-3189.71,0.0,0
41,female,37912.66,15.59,10959.79,furniture,5092.92,6.24,5233.72,1236.33,0,6,-3086.31,2578.56,0
67,male,54381.01,9.78,16952.84,business,6282.65,11.86,5985.16,5397.31,1,7,2463.88,8937.09,1
24,female,40214.9,1.9,2712.7,other,2432.52,0.17,19675.21,6819.28,2,6,2503.03,0.0,1
65,female,42884.24,6.09,12258.96,business,2388.8,14.57,5942.21,2326.53,0,4,-3516.46,0.0,0
64,female,59931.34,10.53,13178.58,other,3618.46,2.44,8987.0,2495.25,0,6,3163.92,6013.03,0
21,female,9124.91,0.22,8241.31,education,1056.86,0.71,4091.48,1073.54,1,6,5260.89,3701.3,1
31,female,21663.5,3.82,15483.67,medical,3278.71,2.83,7915.89,2911.66,0,1,1345.09,12648.02,1
35,female,18320.66,6.54,5756.53,other,2681.07,3.56,5027.72,1845.43,2,8,2179.44,3040.49,1
70,female,8000.0,6.73,16078.57,furniture,873.27,3.83,2876.87,1187.02,1,5,3714.24,3479.69,1
43,female,32791.24,0.36,16414.87,business,3097.04,1.26,15542.85,9442.99,1,4,3317.09,8186.07,1
62,male,58489.81,3.98,500.0,furniture,6204.36,0.88,8174.01,2244.3,0,1,-3005.87,10201.12,0
52,male,39872.09,0.49,21522.45,car,4802.62,4.57,7874.12,2582.9,2,4,-715.36,0.0,0
22,male,48560.22,5.2,500.0,furniture,4711.15,0.69,21566.57,4424.48,0,5,812.44,9666.99,0
56,female,64605.91,0.41,7071.61,car,7920.83,10.49,26634.16,7740.23,0,10,-582.48,869.6,0
54,female,68898.35,2.49,20202.78,furniture,15580.82,8.9,34290.89,23213.94,1,8,6400.91,4099.13,1
67,female,43755.52,2.4,9461.71,car,7159.26,6.49,9869.65,1453.73,1,5,3903.43,8024.62,1
70,female,69364.55,1.41,500.0,other,13270.48,3.13,33153.1,2468.1,2,2,-1329.18,9070.82,0
51,male,46658.28,1.6,3250.1,education,4460.01,0.26,11080.2,6880.79,0,4,1356.99,5909.89,1
68,female,29926.83,0.67,20215.25,furniture,5758.49,1.49,11552.87,237.26,1,11,5391.18,0.0,0
25,male,34300.79,1.56,500.0,electronics,8871.57,0.37,15541.59,6770.96,0,2,61.28,0.0,0
52,female,18350.34,7.61,21031.93,medical,6375.35,2.05,3088.6,2460.29,4,7,4554.75,2872.26,1
50,male,29013.59,18.85,11559.18,business,4967.55,11.32,5287.89,1879.9,1,6,6149.54,9827.71,0
27,male,38555.7,0.93,2460.84,car,3702.79,0.89,12815.28,4043.01,2,3,5648.42,6698.18,1
48,male,59464.53,23.43,7335.08,furniture,11258.53,14.8,26017.51,11692.83,2,10,2541.21,5452.2,0
56,male,75973.86,14.63,3862.21,education,12415.66,2.95,9996.63,450.89,1,5,5753.07,3957.84,0
41,male,20120.73,4.96,18929.8,other,7552.32,0.54,8860.21,1304.03,0,8,433.29,5854.61,0
55,male,52070.89,5.39,17859.42,car,10339.23,0.57,12353.73,4327.79,1,2,9457.64,0.0,1
60,female,26270.21,0.17,500.0,other,2012.69,5.13,6895.68,2916.93,1,11,2722.55,8681.21,0
51,female,53544.55,3.18,8771.26,car,16136.51,5.02,12633.54,1545.42,2,1,5440.38,9077.84,1
40,male,42640.44,2.55,5094.51,education,9344.0,2.9,19810.41,7017.68,0,4,913.97,1868.41,0
33,female,12043.7,1.49,22348.08,furniture,64.59,0.43,1834.47,1549.49,1,11,3498.24,6622.05,1
55,female,61709.35,10.73,1199.21,electronics,12356.16,6.41,20346.18,6345.67,1,8,3630.39,0.0,1
69,female,34109.99,3.99,24833.83,other,6723.61,3.3,5431.78,4393.44,0,8,-786.5,5080.29,1
44,female,35389.8,18.31,11733.64,furniture,13345.69,1.0,16684.09,10508.43,3,4,-875.33,3201.25,1
46,female,25744.46,0.47,2704.52,business,1746.11,0.93,10791.37,2977.66,3,9,1386.49,11555.4,1
69,male,33222.9,4.27,6581.81,electronics,4621.03,2.46,6429.55,4484.72,0,11,5316.0,2808.14,0
34,male,52702.03,1.71,5587.05,business,5727.37,1.1,11547.61,4769.17,2,7,-3494.28,9211.99,1
64,female,41593.6,7.57,1803.05,car,2162.05,8.89,10506.8,3115.82,0,3,911.45,1652.96,0
32,male,50915.92,1.01,12758.61,electronics,6084.11,4.74,13348.48,3993.73,3,10,5929.62,0.0,1
32,female,51514.59,8.66,2176.68,other,12356.47,8.51,21993.49,1880.09,2,1,-1696.39,2646.78,0
34,male,68771.91,9.37,500.0,medical,10854.08,7.7,22406.81,5043.25,0,10,5761.7,5180.54,0
21,female,38829.85,6.7,8962.59,other,13271.07,15.47,10529.87,779.23,1,1,-1383.38,4905.03,0
44,female,18416.56,6.76,500.0,business,772.52,2.55,7141.53,6270.45,1,1,-749.62,4995.7,0
38,female,64210.0,1.5,5982.71,furniture,17796.08,2.61,18180.8,10836.11,2,1,1558.33,961.27,1
31,female,39033.21,2.73,4727.18,education,12608.44,3.42,5905.57,2342.67,1,3,7620.38,2057.63,0
61,male,65062.66,1.43,5030.27,other,6973.89,1.92,9303.68,7816.31,0,9,79.98,0.0,1
47,female,51900.79,3.36,28007.7,business,15786.45,4.14,11957.04,4364.5,0,5,-3198.89,0.0,1
29,female,42639.52,2.46,12451.29,education,5577.76,6.5,14546.39,6368.34,1,1,-2205.81,3361.25,0
28,female,51277.97,2.33,13962.97,other,10435.86,3.16,7893.55,409.77,2,4,4795.84,0.0,0
64,male,80118.23,0.5,500.0,car,21250.52,9.76,25642.13,12071.31,2,11,-2064.22,10479.01,0
33,male,82385.65,13.24,6768.29,other,16161.52,2.17,17123.35,3774.08,0,6,5563.89,0.0,0
40,male,46248.86,0.36,13722.42,car,2744.75,0.28,17489.72,12592.79,0,9,2209.37,5746.11,0
24,female,47883.43,0.28,3803.77,other,5085.5,15.54,5329.67,1973.91,1,3,1903.19,16728.92,0
63,female,64372.32,0.03,19264.5,medical,9480.26,10.16,18514.08,3197.66,2,6,2891.91,2902.92,0
38,female,29778.1,4.14,2378.43,education,8489.39,5.17,3600.34,1166.19,0,9,-402.76,3983.51,1
58,male,50995.27,15.47,9709.07,education,3546.33,1.21,11841.26,9008.44,0,8,2413.62,6558.08,1
41,male,44534.47,0.48,7311.59,car,11527.33,1.41,4730.9,2402.75,0,1,-1579.22,7027.12,1
63,female,50650.35,0.39,13314.57,electronics,18988.1,7.88,14569.04,13248.06,2,7,6046.67,1548.96,1
41,female,29999.36,2.9,6876.08,furniture,4299.5,25.15,12203.93,10854.78,1,9,-1081.89,0.0,0
69,male,16387.79,3.33,9832.85,business,227.58,7.16,2295.73,782.23,0,2,3316.64,7916.32,0
59,male,8000.0,14.54,10110.96,furniture,2308.57,9.27,3152.71,1640.74,0,5,-1104.25,0.0,0
45,male,24887.09,0.25,6124.9,medical,2827.15,1.7,8304.28,981.2,0,8,400.39,8993.37,0
45,female,36743.84,5.77,15880.75,electronics,3986.31,8.01,11090.84,363.58,0,1,878.5,1649.21,0
53,male,39722.55,1.95,13907.11,medical,13975.09,2.66,13497.46,6554.75,0,8,10944.04,4018.51,0
57,male,79870.16,2.09,11291.09,electronics,4776.11,11.89,18718.28,5850.4,1,10,1956.66,846.35,0
58,female,64907.88,7.89,8556.33,medical,1999.25,6.46,24933.44,3959.84,0,6,-464.59,12585.3,0
19,male,27682.36,1.38,18372.35,business,3432.96,2.83,11401.43,2638.47,0,5,666.33,5494.06,0
33,male,51258.75,4.17,10113.33,other,21890.74,5.87,21082.19,5289.29,0,2,-2514.02,2069.57,0
42,female,37672.59,0.16,9546.42,education,3228.06,2.24,7827.76,3240.94,0,8,1511.64,1900.58,0
48,male,39881.45,0.26,12837.52,electronics,8410.96,0.92,14419.65,5900.0,0,11,7553.26,3111.06,1
23,male,48335.86,6.78,25572.69,business,6841.22,11.84,7696.92,2825.22,0,10,3008.12,18381.64,0
29,female,56145.08,0.77,1277.15,car,10381.1,5.91,16740.66,9751.62,1,7,4710.2,0.0,0
44,male,38893.35,5.16,18158.86,other,4564.06,1.71,3930.24,2811.46,0,1,-729.83,10497.29,0
43,female,64149.33,1.33,500.0,business,6412.58,1.1,11382.32,4664.25,1,4,1389.97,7408.63,0
53,female,24445.11,10.78,13738.19,car,4779.02,4.79,8621.64,1895.35,1,3,2611.71,13238.87,0
21,female,45114.1,5.08,24600.66,furniture,3665.3,0.33,20289.82,3997.08,3,1,-175.92,7774.4,0
63,male,91758.13,3.61,15909.35,car,24395.89,1.34,10975.31,1738.57,1,2,3200.02,4020.18,1
35,male,49015.44,5.45,13365.0,business,3959.25,2.54,15852.63,1749.92,1,7,3846.29,10120.17,0
49,female,70797.86,16.44,7516.4,business,28470.51,9.91,25112.71,4276.48,1,2,3628.54,5378.61,0
71,female,46647.36,1.81,12248.38,furniture,9543.64,2.37,22062.17,2750.3,1,1,1546.75,8529.74,0
39,female,55453.99,7.93,9983.5,education,15399.49,10.08,20077.53,11565.41,0,11,5272.73,12569.32,1
35,male,43977.9,3.75,5712.19,education,7927.33,11.05,6210.26,2146.27,1,7,1227.15,4555.12,0
33,male,41932.66,0.01,9681.0,education,5593.02,15.77,6654.62,2393.26,0,9,953.54,1453.69,0
55,male,30969.32,4.93,13587.05,business,3499.13,2.98,10972.6,2267.16,0,3,6324.62,137.13,1
72,female,52745.42,1.84,5862.26,medical,10513.27,0.68,9823.72,1332.31,1,5,-1320.9,6703.24,0
49,male,29672.33,0.31,5549.75,other,4229.11,2.81,13985.23,995.29,1,7,-3108.91,0.0,0
29,male,56980.53,0.64,1118.05,furniture,16234.31,5.13,26682.55,7203.21,1,8,-603.45,1901.17,0
71,female,64535.17,0.07,15125.8,other,17186.41,5.59,30942.18,15605.69,0,5,3161.73,0.0,0
20,male,51597.57,9.89,16362.59,business,13155.16,1.18,11206.01,6208.41,1,11,5850.77,7050.03,1
41,male,39847.52,1.28,13853.28,furniture,10364.12,2.71,15412.22,2846.91,0,8,18.44,0.0,1
25,male,53171.38,9.16,19721.36,other,11881.75,1.84,19418.48,5600.68,1,3,7444.51,0.0,0
19,male,39443.89,5.3,12702.94,electronics,5449.58,5.29,4506.13,1681.65,0,2,2081.59,0.0,0
74,female,61839.85,0.46,15136.09,education,6248.59,2.05,12752.99,7156.59,2,1,1653.41,573.47,0
22,male,12034.69,1.54,14430.7,other,1355.6,1.51,2198.82,1130.48,1,10,-549.81,1118.2,1
69,male,38959.07,2.49,11267.68,business,8696.61,4.16,9674.45,8095.84,1,10,7854.07,5508.72,1
49,female,9165.38,2.28,7753.43,furniture,640.52,2.05,4410.58,1464.48,1,6,1549.13,3030.26,1
36,male,18088.91,2.52,29713.22,car,4088.24,0.41,7927.29,1134.11,0,8,-1995.96,6221.86,0
67,female,69549.52,3.9,8384.39,medical,3790.55,9.02,15117.97,5405.68,1,10,9373.01,6703.68,1
18,female,61113.33,11.51,6672.98,electronics,13403.75,1.01,19068.13,8071.86,0,2,3181.01,8443.0,1
57,male,32049.36,1.46,15472.08,car,5679.68,0.22,5669.74,4317.51,0,11,4396.49,0.0,1
61,female,17954.94,1.23,14014.84,car,1620.59,3.91,3788.02,1035.74,1,6,7044.68,0.0,0
38,male,8000.0,0.07,761.67,other,439.84,1.46,1008.01,831.67,1,5,3843.39,7329.32,1
35,male,35217.08,2.8,20981.43,business,11922.52,0.34,12574.0,3930.5,2,2,4924.67,5268.47,0
18,female,88567.47,4.1,11246.44,education,16141.77,2.64,32129.47,15162.91,1,8,2162.98,9861.6,1
19,male,52827.92,1.41,3112.55,business,4355.45,2.19,23001.31,12296.63,0,7,4201.2,0.0,0
20,male,34927.7,0.59,21510.27,electronics,11745.55,21.29,15669.29,4707.41,4,1,1897.53,1149.07,1
44,male,53371.44,2.84,17005.4,other,14952.96,11.72,8754.18,563.2,1,8,1939.37,2221.72,1
48,male,16902.75,1.43,1883.66,business,4000.48,5.83,6714.05,985.32,2,2,2359.15,4999.38,0
42,male,39648.18,3.33,26217.46,business,2634.75,4.34,6101.18,442.21,2,4,809.55,4215.26,0
58,female,46790.59,12.15,17270.38,other,4522.9,10.05,11673.6,1462.87,2,7,3513.13,6814.47,0
38,female,43450.19,9.42,11918.43,car,769.45,8.5,13305.08,1578.66,1,9,3505.54,3312.08,0
63,female,59234.51,5.26,24721.75,electronics,4489.07,3.19,7095.58,3237.51,0,2,4456.75,12234.02,0
55,male,51203.61,5.24,13274.38,medical,7167.77,10.77,8331.11,5480.11,0,6,3918.82,14147.26,1
71,female,57029.87,9.96,11775.34,car,10056.29,6.11,11887.67,1552.32,3,4,8000.13,0.0,0
59,male,32609.3,1.2,6717.6,electronics,7644.64,19.51,4924.56,2858.15,0,8,5157.89,4270.67,1
25,male,61160.68,5.09,16654.8,furniture,5381.24,5.05,28968.05,5777.12,1,10,1378.24,8787.97,0
49,male,74320.87,6.66,15812.82,business,1968.37,10.32,16003.34,2257.81,1,8,3359.21,7511.97,0
55,female,27537.31,3.34,12117.44,medical,1646.37,18.81,8274.1,4040.93,2,9,6238.09,1552.94,1
18,female,29021.48,0.09,5680.11,furniture,7057.53,14.56,14470.51,10398.92,1,5,-849.92,5529.19,1
20,male,69044.12,2.01,13039.44,business,21317.14,9.5,22553.75,3914.88,2,7,8042.73,0.0,1
19,female,41555.81,9.33,11441.61,medical,5486.7,8.28,10995.6,4120.67,0,4,-323.92,3885.15,0
27,female,70268.79,7.57,1332.21,other,10147.73,5.47,33161.03,3469.77,0,11,4700.83,0.0,0
68,male,37034.36,4.7,500.0,other,10514.19,5.38,6999.46,3698.0,0,3,2019.8,7047.87,1
31,female,71190.82,0.4,16521.23,education,10510.47,1.27,12230.6,2026.76,1,11,1847.2,0.0,0
28,female,47366.74,3.07,500.0,car,5469.03,4.64,14880.06,7457.97,1,9,-1908.74,4978.2,0
43,female,49648.12,2.97,13643.28,medical,12448.12,3.88,13450.7,5661.23,2,11,4722.5,5915.17,1
40,female,73164.92,0.18,8175.34,education,18829.98,3.79,30641.06,3218.41,1,8,-1865.07,4455.18,0
74,male,38488.13,1.65,22465.97,education,5412.34,0.22,4495.57,2102.02,4,4,-2328.31,208.28,1
23,male,28059.8,3.38,8052.25,education,7093.1,2.49,9739.29,6750.79,0,4,5479.11,2737.79,0
65,female,36925.84,4.11,17275.87,business,3383.95,7.01,14189.56,2633.03,2,2,7368.82,11086.43,0
31,male,53142.01,5.58,8824.69,electronics,8271.38,3.04,25974.05,7395.04,1,11,-1.74,1452.35,1
35,female,16816.34,1.01,12909.99,electronics,3130.79,4.7,2662.11,193.33,0,2,5009.33,4128.58,1
45,male,56474.48,4.29,17894.69,electronics,4539.97,1.76,11210.03,3329.93,1,9,4389.58,659.27,1
73,male,35302.12,1.85,8299.55,education,3369.17,1.87,16697.1,8576.98,1,8,1725.44,10122.56,0
31,female,65660.63,0.37,19972.44,business,7594.99,0.55,23129.06,6665.81,3,2,6007.45,4466.98,1
37,male,8000.0,2.63,4050.42,car,1779.15,7.08,921.76,443.73,0,11,1509.13,0.0,1
55,male,30841.82,4.5,14356.74,electronics,9246.5,0.15,4038.35,1650.18,0,2,3552.6,4042.75,1
56,female,14643.57,1.95,19381.12,medical,4395.62,1.42,6065.02,1771.73,3,2,-1761.31,2553.81,1
38,male,30127.87,4.99,17280.3,car,7954.91,1.14,9851.51,4441.71,0,6,-1633.09,12355.49,0
25,female,49457.99,3.96,27331.56,medical,5273.11,3.55,16131.52,5726.4,0,2,5507.13,3731.87,1
62,female,41773.92,1.28,5892.49,medical,15412.4,1.56,18879.57,8625.84,2,2,3653.62,0.0,0
69,female,40439.2,0.27,966.81,electronics,729.38,11.34,7943.84,2295.67,3,7,1572.63,6991.8,0
52,female,42134.67,4.01,4045.32,business,10715.22,3.01,6917.35,3750.4,1,11,7723.54,14716.52,0
67,male,48660.99,3.69,17283.54,education,10360.68,2.76,16813.46,11151.54,0,1,7691.95,11181.59,1
32,female,26846.35,0.83,15983.38,furniture,1229.43,4.61,12160.57,3261.67,1,8,3317.5,0.0,1
67,male,57723.29,0.55,12818.05,furniture,7713.19,4.08,11896.79,1072.69,0,7,-2366.97,2387.63,1
64,male,56927.99,1.4,3016.34,other,10180.6,0.62,21206.69,5213.85,2,1,1665.2,3815.9,0
69,female,51930.68,3.84,18134.94,other,3106.23,11.75,8358.33,2556.26,1,2,-497.75,3888.71,1
71,male,55017.6,0.84,2202.36,other,8731.44,3.37,9284.96,4053.45,0,5,2268.54,6285.77,1
37,male,50335.52,5.79,21271.6,car,3577.49,10.65,23184.74,5969.72,1,8,-808.89,1935.39,1
24,female,81631.32,6.16,34859.51,other,15002.11,9.66,12014.99,8241.59,4,3,-1588.68,0.0,0
60,female,43432.3,1.0,14931.61,business,8564.43,3.52,4766.18,3142.41,2,5,-4787.84,9710.8,1
56,female,39472.5,0.44,16664.87,education,1602.53,5.49,16182.79,7762.38,2,6,2501.77,0.0,1
54,male,31436.5,0.7,8057.12,electronics,4930.78,0.28,7702.06,4774.84,0,8,-4896.29,0.0,0
53,female,26419.27,14.55,500.0,furniture,6028.38,0.37,6833.7,3973.13,1,3,1039.28,0.0,0
20,female,22599.51,0.85,7178.25,electronics,459.99,1.38,9490.51,2544.81,1,8,4083.19,7673.27,0
56,female,29001.65,0.68,3256.84,furniture,6112.07,5.97,4987.54,1181.33,2,10,-166.29,4638.83,0
45,female,43727.75,0.48,500.0,medical,10283.78,3.91,15747.71,6546.8,1,7,-1254.49,9301.02,1
19,male,51017.31,0.24,25778.88,other,17992.04,11.35,11499.88,2428.92,0,8,1796.46,0.0,1
66,male,45920.56,0.33,14182.9,other,9185.22,3.85,6507.28,2502.84,1,2,-485.82,0.0,1
19,male,31220.37,13.79,15037.5,other,2262.91,1.91,11707.59,4300.35,2,10,2556.97,1336.59,1
31,female,61203.32,0.06,9527.82,car,11274.89,5.72,13921.65,3691.11,0,4,-1098.49,2905.02,0
34,female,58309.43,2.75,10617.03,medical,11279.87,1.56,26043.42,3296.16,1,3,1686.52,5254.58,0
62,male,42126.33,0.46,19716.41,other,10905.72,3.66,19698.87,6276.21,1,7,960.74,0.0,1
22,female,33247.51,3.36,11741.3,education,10512.6,10.39,14616.29,3464.41,1,5,1965.44,6872.39,0
39,female,54871.7,0.61,16245.55,education,9712.35,13.72,12562.37,3026.39,1,6,6905.45,0.0,1
38,male,48383.52,7.76,10431.97,electronics,7165.45,0.26,9417.03,4312.02,0,9,2599.43,115.51,0
41,female,18933.71,10.16,9262.78,medical,3322.17,6.25,8654.98,2686.4,1,6,3513.33,11042.26,0
67,male,43776.36,5.5,744.69,business,5943.0,11.07,12308.98,5788.37,0,5,125.62,0.0,0
36,male,49716.64,3.72,500.0,business,9735.77,0.44,19046.24,2391.91,0,9,2669.77,5935.01,0
38,female,28805.49,4.81,9907.5,car,2002.54,3.51,12411.3,5974.56,2,5,1175.59,5912.37,0
41,female,48417.18,3.04,12451.97,other,12120.62,0.98,10219.64,2424.38,2,11,2088.97,0.0,0
40,male,18813.2,1.74,1710.96,education,3999.32,3.18,2777.56,470.34,0,11,3946.84,1317.97,1
72,female,69051.35,0.41,11724.2,other,12624.29,15.73,24163.21,5805.67,0,6,499.3,11326.28,1
33,female,67463.1,5.21,12430.02,business,5086.12,1.49,22672.79,4630.07,0,9,805.86,15777.54,0
24,female,40454.69,4.21,500.0,education,2608.47,3.49,8417.81,2169.71,1,8,540.76,10388.36,0
42,female,51542.18,1.05,4679.0,medical,14671.27,9.32,17209.04,12626.1,0,10,482.84,15315.23,0
22,female,8000.0,2.8,15258.11,furniture,2828.88,2.36,3329.14,531.57,1,6,2519.71,0.0,1
63,male,24185.74,0.06,15096.47,education,4949.06,1.29,5804.68,2241.91,2,5,908.05,0.0,0
68,male,39711.98,2.53,2770.6,car,15214.06,6.2,7820.36,4322.07,1,4,6493.87,3684.27,0
65,female,25701.61,1.71,13267.58,medical,6884.43,2.98,10023.64,5008.62,1,7,10037.49,8829.15,1
63,male,57859.14,0.22,20179.26,electronics,4808.41,4.8,23973.86,2567.0,3,7,296.17,0.0,0
42,female,80951.34,0.03,18216.58,car,14836.05,4.27,38995.54,12987.95,1,5,2882.01,0.0,1
57,male,23820.94,1.38,11237.71,medical,3122.96,0.62,3788.35,434.81,1,4,5114.02,0.0,0
40,male,29925.66,7.92,8256.19,furniture,6315.55,16.9,13637.29,11661.2,2,5,1202.75,6139.38,0
66,male,49238.07,11.58,6965.24,furniture,8280.89,3.49,19992.6,10540.9,0,6,-983.17,5365.72,0
29,male,74000.09,16.07,15742.56,furniture,16909.83,1.86,28176.27,7664.23,0,2,7214.52,0.0,0
26,female,22997.26,5.19,13560.83,business,5574.23,3.4,5179.48,1784.0,0,8,4058.47,5078.87,0
73,female,49482.65,4.75,17035.23,electronics,5132.46,1.89,5387.53,519.44,1,10,2956.07,0.0,1
38,male,77783.38,0.94,13054.99,education,12442.18,3.66,23569.93,17027.92,1,4,6351.57,1441.45,1
35,male,15268.34,0.22,18550.11,electronics,2897.2,5.08,3272.12,921.51,1,5,4310.7,0.0,1
56,female,21940.75,7.63,12756.74,medical,4896.41,0.52,4737.63,1519.91,0,2,1856.19,3098.57,1
37,female,37375.08,17.26,18277.51,electronics,11027.33,13.09,17598.26,1521.95,1,7,-929.89,0.0,0
60,female,35629.41,2.28,18966.58,medical,2672.58,0.57,5743.02,2801.1,1,5,520.0,8142.25,1
42,male,59626.82,2.05,5563.79,education,5465.91,0.9,28244.81,3172.01,0,10,5614.47,3842.88,0
62,male,49349.87,1.81,500.0,car,4318.93,16.15,14880.11,9291.56,1,10,4046.26,2639.54,1
22,female,13050.68,0.9,24347.94,education,3666.5,3.27,5681.12,1312.87,0,9,1440.0,14608.75,1
59,male,54277.39,3.21,14053.27,furniture,12288.8,17.69,11584.7,3623.44,1,3,7299.69,6299.73,1
36,female,34604.3,8.6,500.0,education,3204.89,1.38,12234.98,3442.42,0,3,1528.34,1791.08,0
42,female,67940.05,1.64,6289.44,car,11223.0,4.16,21919.86,6769.64,1,6,4962.55,497.59,1
71,male,33703.42,0.09,18174.99,medical,1269.03,2.79,15829.37,7754.86,3,7,2660.12,0.0,0
45,female,33540.92,5.25,9762.59,business,1687.12,2.67,5759.63,1954.63,0,1,7798.86,3604.7,0
22,female,54740.37,5.23,7903.51,car,3715.5,12.72,9953.33,6026.69,0,6,4259.14,5845.68,0
44,female,58732.68,9.61,23207.05,other,15667.91,1.35,28167.36,21539.64,1,1,2138.48,0.0,0
31,male,53065.79,12.94,3621.7,electronics,12799.84,2.52,7386.01,824.5,0,3,1463.6,0.0,0
45,female,14659.25,7.46,5614.77,furniture,1423.52,0.49,5187.51,1071.18,2,4,1953.88,903.38,0
30,male,54684.62,1.77,13691.09,car,6058.09,9.7,6793.23,2463.56,0,1,-176.19,0.0,1
54,female,26382.46,1.34,15123.64,furniture,1811.49,0.62,3450.73,1061.32,1,3,-2100.11,4259.54,1
31,male,49234.97,1.24,15970.74,car,3653.11,0.6,16683.74,13456.56,1,7,2926.21,5092.91,0
44,female,19372.78,0.73,19289.9,education,1991.6,1.39,6209.89,3609.84,2,11,399.44,3266.16,1
72,male,53033.8,2.15,13588.63,business,9957.23,7.16,17459.28,6665.92,1,9,391.47,7301.05,0
54,female,30481.22,7.21,15915.07,electronics,4891.02,6.83,8823.12,3594.0,0,4,1733.48,490.53,0
58,male,21912.58,3.02,9926.33,other,525.77,5.67,8698.06,2814.65,0,11,2156.67,3724.57,1
62,female,57848.76,0.73,12501.59,other,4483.21,21.97,28743.63,6104.41,1,5,2022.13,0.0,0
70,male,49349.6,0.06,12860.27,electronics,10225.83,8.8,10378.84,3501.73,2,4,7214.89,5707.72,0
68,male,33948.42,0.95,13720.79,business,6188.5,2.69,7786.95,3391.64,0,10,3987.14,4455.45,0
66,male,71121.22,5.29,18180.32,electronics,7765.15,3.62,16302.39,5460.33,1,5,8323.45,0.0,0
37,male,37068.26,2.39,16441.17,furniture,7732.54,2.1,15024.05,5416.61,0,9,683.03,3069.64,0
53,male,45577.94,1.07,12353.74,furniture,5067.87,12.12,10902.53,8228.82,2,2,4351.16,3773.07,1
64,male,49840.44,0.46,5526.99,education,12077.5,8.68,18475.59,1452.79,0,4,849.76,5686.07,1
49,male,33846.01,0.21,12541.37,car,6708.82,2.13,9421.21,211.76,0,11,316.6,5908.71,0
25,female,53480.45,9.21,11775.86,business,6506.19,3.62,18350.31,10092.37,0,3,8436.63,0.0,1
47,female,35397.86,1.12,13545.45,other,14037.58,1.84,15277.93,10165.82,0,10,-304.44,8581.87,0
30,male,37590.51,0.53,29652.2,electronics,5482.2,4.33,11488.54,2215.64,0,6,-4695.2,7138.33,0
57,male,69527.57,5.75,7809.82,business,18935.05,1.97,20167.81,6776.77,0,11,-123.85,0.0,0
66,female,26269.45,2.1,15378.31,other,6790.08,10.01,5432.26,1821.43,0,5,-4024.97,0.0,1
58,female,8000.0,7.39,20547.7,business,544.56,9.54,2450.89,677.7,2,6,-853.97,111.09,1
49,male,73996.87,0.57,12784.02,electronics,7873.57,8.69,15166.76,2664.38,0,5,-576.0,0.0,0
52,male,90887.9,8.48,30702.76,other,28377.03,7.83,39756.92,11744.43,1,3,2105.85,5248.04,1
48,female,37705.15,0.38,8975.69,car,4484.26,0.78,9635.39,2716.18,1,10,-4148.79,11101.36,1
43,male,10136.92,0.55,14592.71,business,1941.74,0.67,1537.19,1053.32,1,7,5587.86,12529.28,1
30,female,39411.29,0.0,5609.55,furniture,3795.34,16.01,7724.1,3064.2,1,6,-3627.31,0.0,0
56,male,39847.99,4.43,9187.8,furniture,8532.42,13.24,12505.6,4752.15,2,5,1616.75,8720.83,1
37,female,41581.37,0.86,13991.47,education,4102.45,5.52,19398.33,8045.71,1,9,1027.54,4507.01,0
26,male,24959.02,15.79,18770.43,business,6301.5,3.54,5496.59,906.89,1,4,4476.05,0.0,0
63,male,55432.1,0.42,14552.76,medical,11168.83,4.38,11405.4,3936.98,2,3,3054.63,2005.62,1
49,female,54441.13,3.26,22072.92,medical,11832.62,9.75,14297.54,3546.25,3,1,5560.62,1337.9,0
47,female,18100.7,9.37,11240.28,electronics,5206.33,7.87,8816.88,4508.7,1,10,915.64,11264.91,1
47,female,57585.54,0.69,9342.65,electronics,10950.72,3.56,25227.53,11092.65,1,1,605.76,0.0,1
22,female,81948.33,1.31,33631.88,car,10708.89,2.47,13100.85,1875.73,2,10,3238.37,7378.39,0
48,male,48095.29,6.3,15153.9,business,2913.13,1.12,16616.98,9928.13,0,5,5087.61,3357.47,0
48,male,38928.15,10.11,6244.15,medical,9822.77,8.31,16223.14,3305.55,0,1,4475.21,0.0,0
47,male,42443.94,2.68,6445.89,education,12227.42,0.42,17283.35,5552.6,1,11,2965.44,686.89,1
18,male,56074.62,2.08,4458.56,electronics,20169.59,1.09,16572.19,9981.7,2,9,2697.99,13189.79,1
60,female,13847.91,4.65,19492.55,electronics,3241.68,8.34,5438.53,4104.17,2,8,1891.13,2959.78,1
53,male,47959.03,3.03,9084.98,business,3606.14,4.44,15991.2,8085.13,1,7,3229.79,9435.2,1
61,male,37971.65,0.82,13018.9,business,12643.57,1.29,6856.84,4861.17,0,9,8104.8,9106.33,1
46,female,78260.85,7.82,11491.93,education,9184.67,0.71,9580.81,6273.56,0,2,1272.28,1310.42,1
36,female,41864.89,0.26,17851.94,furniture,5035.9,18.78,10374.11,5516.5,2,3,906.53,0.0,1
65,female,75021.98,0.89,5226.05,electronics,15911.93,0.8,9360.91,4299.14,2,6,676.83,0.0,1
37,female,25132.67,4.33,3395.42,electronics,2730.84,0.84,6484.36,3664.29,0,9,3168.12,12710.0,0
43,female,55570.67,2.68,13794.38,car,12318.27,1.47,23981.61,21990.97,0,7,-4365.24,4910.42,1
18,male,50749.2,2.81,16807.67,electronics,6488.99,6.7,22213.82,8205.99,0,5,1594.81,0.0,0
27,male,29357.15,0.55,14660.26,medical,8563.85,6.42,3335.84,620.59,2,8,4641.94,9003.76,0
24,male,48193.13,8.14,5524.37,business,11362.38,1.81,6159.77,1159.28,1,1,421.31,0.0,0
42,male,66825.34,1.14,17419.88,car,4797.72,1.77,24588.17,11182.03,0,6,2560.11,0.0,1
32,male,39171.75,4.61,6049.11,medical,9872.68,3.11,11751.5,6598.93,0,5,8328.01,4487.77,0
36,male,14544.67,0.08,7827.69,furniture,2092.91,8.21,2323.41,200.67,0,6,2994.8,19122.51,0
61,female,44683.87,2.75,4448.37,business,17039.37,5.0,18866.06,9643.52,0,2,-4717.68,8896.01,0
56,female,28756.38,3.19,22409.27,education,3884.26,6.66,5365.9,1763.8,0,10,-2229.65,1105.66,0
63,female,38837.86,12.63,17067.37,medical,8453.7,3.68,5097.85,3453.64,0,10,1246.99,4169.89,0
64,female,43531.42,7.53,16839.95,medical,6929.58,4.12,17403.99,10180.29,1,11,-411.48,9518.26,1
32,male,14298.26,16.96,21977.69,electronics,1357.01,0.48,4907.88,1507.78,0,10,2310.15,12531.18,0
53,female,15918.15,1.19,34501.19,medical,2422.77,5.01,4103.33,871.85,1,8,1116.27,2514.16,1
67,female,53677.2,7.13,500.0,business,12818.72,0.67,20241.16,6714.97,1,4,5498.21,2688.3,1
35,female,35591.06,1.65,6092.99,electronics,4964.55,17.88,16533.91,6132.85,1,2,-1273.99,0.0,1
39,male,8000.0,0.67,7070.6,car,758.51,3.85,909.38,525.12,0,7,1377.5,7990.95,1
48,female,59127.19,7.42,5193.44,education,13579.56,4.24,20757.89,7386.9,1,11,2651.78,10155.83,1
63,male,49902.66,4.24,3379.33,education,5431.46,14.86,9345.12,1268.24,2,5,3023.4,0.0,0
26,male,32150.25,8.55,9602.78,education,7665.88,11.25,9312.48,4579.99,1,11,2440.42,1619.16,1
44,female,21297.06,1.33,2267.17,business,4531.6,5.6,5741.53,2820.06,1,2,-5233.82,0.0,0
31,female,60044.54,3.18,14680.34,business,10864.29,5.88,15370.91,10022.71,0,4,2249.88,4905.44,1
58,female,51288.31,3.43,12413.59,furniture,13130.83,2.0,9034.05,3396.67,1,8,1547.74,0.0,0
31,female,87886.84,1.38,15848.23,electronics,29626.54,3.15,37005.63,21838.02,0,6,4592.33,0.0,1
38,male,52563.39,8.17,16061.83,other,10666.65,0.3,13235.9,5772.93,1,9,4168.91,10741.12,0
37,male,51978.66,0.82,16824.05,business,6102.25,2.51,23643.97,5280.83,0,4,2722.53,3006.44,0
22,female,41995.3,6.56,9012.73,electronics,11979.88,1.25,10157.29,1290.6,1,9,2939.49,3640.56,1
56,female,59701.97,13.3,28969.15,other,14298.91,5.06,26023.21,7204.91,0,4,6057.15,6590.11,0
32,male,56251.53,1.05,13875.45,business,11992.92,0.13,17875.98,2044.13,0,2,5450.89,9824.91,0
45,female,67531.05,1.54,500.0,medical,3056.13,6.34,17169.78,6697.55,1,7,2826.0,1488.44,0
57,female,35616.19,2.97,3980.99,education,8637.86,5.61,13591.6,5368.71,1,6,8436.25,1622.11,1
62,male,37162.67,17.37,500.0,furniture,5627.6,10.53,15409.94,4376.4,1,7,115.41,1647.6,0
70,female,36376.14,0.39,12138.68,medical,801.54,4.01,10660.99,8279.93,0,1,-1556.33,10489.05,0
25,female,59234.43,1.12,11025.56,medical,609.61,8.69,16003.26,2333.11,2,5,1967.49,3591.19,0
53,female,71970.74,3.2,8252.59,business,7849.61,7.93,23819.98,8484.32,0,1,878.57,2253.41,0
36,male,36740.87,0.37,28087.41,education,852.32,1.7,12273.85,5910.75,1,9,-5396.02,6345.38,0
61,female,37354.07,7.16,16391.86,car,6756.01,4.85,10092.76,1376.85,0,1,42.86,14987.53,0
40,male,50653.39,0.81,17808.79,furniture,2160.01,12.56,20416.62,14958.9,1,11,3030.76,4445.7,1
18,female,40576.29,0.19,4551.41,other,5548.48,4.65,10545.32,8735.5,1,1,1825.92,2383.32,1
66,female,62136.97,1.37,4006.84,furniture,7526.24,2.71,17472.87,9286.77,1,7,-329.38,15657.99,1
61,female,8000.0,8.39,12294.44,business,717.24,10.61,2737.02,314.94,1,4,2126.98,11978.81,1
36,female,30119.31,0.77,13384.06,business,3675.25,0.81,14901.21,8575.74,1,2,2369.22,11108.95,1
65,female,30916.51,0.32,500.0,education,3717.19,1.42,6315.45,2177.9,0,4,4145.22,995.88,0
41,male,8000.0,1.81,10557.54,other,2169.82,0.4,1542.25,661.64,2,1,75.5,401.03,1
41,male,27654.51,7.78,12112.58,business,10049.12,0.16,4722.14,4243.48,0,8,4621.57,0.0,1
35,female,28527.19,1.06,10278.81,other,8457.09,1.91,10719.88,3786.25,0,10,-1271.93,9789.5,0
46,female,41380.12,6.14,5492.88,furniture,2713.37,2.88,11571.45,7484.46,1,4,489.87,4461.98,0
74,female,65033.39,5.99,7683.72,medical,16764.74,10.34,16612.29,2290.34,0,5,7096.98,0.0,0
20,female,40588.91,1.42,10585.13,medical,11863.53,21.33,7372.41,3882.92,0,2,-1071.63,11211.09,1
51,male,26445.35,2.69,12726.4,other,892.15,8.89,12071.12,1037.92,1,6,23.7,1975.89,0
27,female,43974.82,1.32,16838.33,electronics,4915.77,1.66,12192.86,3895.57,0,11,-1759.33,2715.52,0
25,female,63885.13,1.14,20646.85,electronics,15539.28,0.33,21917.54,12553.18,0,6,-481.8,0.0,1
21,female,27432.74,3.59,9645.22,medical,2734.11,18.79,3978.07,2436.38,2,10,2415.09,6953.19,1
33,male,28609.65,13.52,8350.75,medical,8196.44,4.48,4096.58,862.2,0,9,4119.63,7010.62,0
59,male,55053.88,1.91,15501.25,furniture,11640.34,4.94,6988.64,2925.39,1,2,1944.09,3712.07,0
59,male,41012.35,15.91,16886.76,electronics,9144.5,18.65,10127.53,5628.84,1,1,1025.93,1490.57,1
63,male,56654.72,2.3,8526.4,medical,17982.74,12.05,16381.98,9618.45,3,4,-1728.32,19758.81,0
26,male,44754.36,4.01,18323.15,education,12253.14,3.59,8853.81,4241.4,2,11,-181.39,0.0,1
24,male,57629.95,2.01,19836.68,other,3658.42,15.28,13823.75,8714.59,1,2,-2638.11,0.0,1
73,female,26368.59,0.74,22333.49,business,2726.71,0.59,2702.89,1821.51,2,1,4209.68,8249.54,1
70,female,44782.48,0.18,26226.57,other,8479.72,0.54,10767.29,3726.0,1,11,4418.22,0.0,1
57,male,41207.58,9.99,5068.67,electronics,4016.95,0.11,6085.06,1896.15,0,3,1878.66,0.0,0
65,female,23113.96,1.49,12111.19,medical,4861.22,1.09,3498.39,982.98,2,4,3324.35,10789.11,0
63,female,16857.4,11.97,12090.22,furniture,3535.29,6.86,1716.12,501.73,1,9,4628.7,7631.15,1
50,female,57343.48,2.3,11215.41,business,3735.96,8.34,21707.5,8370.49,1,2,2303.63,6904.83,0
45,female,38682.86,0.02,6805.9,electronics,7361.49,0.09,18278.17,5038.56,4,2,6180.83,5090.95,1
73,male,26598.95,3.13,500.0,education,2382.93,6.16,9272.88,5707.25,1,8,-1071.38,0.0,1
56,male,43268.78,8.77,12741.44,medical,5113.42,4.86,5991.9,4357.26,0,1,953.99,2483.97,1
68,female,65304.34,4.09,5853.15,car,12372.08,2.93,32381.8,15215.22,1,8,596.77,3525.55,0
29,female,8000.0,7.35,12687.95,furniture,2118.79,2.04,3921.87,2114.41,2,6,3941.71,9077.3,1
30,male,18060.5,2.95,5647.65,education,1306.13,3.14,5188.67,312.63,1,3,-2302.42,6555.14,1
53,female,28388.04,0.91,3202.73,electronics,7513.3,10.21,4063.68,2039.05,1,7,6343.92,0.0,1
72,male,71301.22,2.06,13874.39,education,14738.0,1.12,27685.96,6127.01,0,4,3685.32,8737.25,0
53,female,50086.57,3.85,13207.37,education,9539.8,6.94,24271.31,7654.44,0,11,7250.88,0.0,0
43,female,58811.71,7.69,16634.26,car,7765.53,0.03,24199.83,13398.88,1,5,1878.29,2077.47,1
19,female,24477.1,0.55,29486.91,other,4760.31,10.89,8559.18,4731.22,1,9,349.04,0.0,1
26,female,24848.35,9.21,14218.32,business,2002.41,1.92,8556.1,3667.19,0,3,3971.32,0.0,1
31,male,53060.65,0.17,15880.65,business,6797.99,1.51,26061.65,14956.53,2,10,5091.7,15559.52,1
29,female,46048.94,0.03,3379.51,furniture,12208.63,0.52,5951.72,1089.48,0,4,-143.26,0.0,0
58,male,54877.3,1.14,1704.74,furniture,11123.01,4.32,8770.62,5711.17,0,6,-3992.79,0.0,0
56,female,41621.92,5.16,24662.64,business,8940.04,8.21,17994.18,11439.73,2,9,-3478.8,7062.41,1
39,female,50006.59,0.49,4612.16,car,23113.61,3.52,7903.3,2467.95,2,11,2784.15,1179.98,1
74,male,47846.14,10.53,3648.45,education,5804.53,0.14,12120.32,3803.18,0,9,6620.57,4933.35,0
40,female,58999.81,5.2,11687.21,other,13113.1,11.35,12543.34,6285.64,0,8,-1902.52,12577.3,0
43,male,59526.15,0.77,11278.46,other,4118.5,4.47,11749.15,4523.98,2,8,1182.9,7927.77,0
47,male,15842.3,0.99,4779.95,education,5123.39,0.06,1747.23,321.7,1,5,954.65,1187.91,1
50,female,8000.0,0.7,9560.21,furniture,1221.67,4.41,2612.0,1378.04,0,8,7761.6,3197.68,1
28,female,63031.42,3.06,21835.01,car,11020.04,0.15,16419.42,3192.84,2,7,8776.09,7183.64,0
35,male,66379.05,5.37,5552.05,furniture,2241.92,21.72,21283.52,7880.5,1,6,3273.36,7809.94,0
57,male,26628.79,0.92,850.62,furniture,4062.47,6.1,5906.35,664.9,1,4,4694.0,4124.52,0
66,female,11522.96,1.06,19540.75,education,806.37,0.61,5491.66,2946.13,0,4,4610.6,6163.65,1
42,female,46782.63,2.18,15938.38,medical,17904.66,11.67,15744.17,5932.95,0,2,-1840.96,6169.49,1
24,male,61755.09,0.13,7035.85,education,9024.46,1.5,29919.28,14399.63,0,8,4095.57,3446.64,1
66,female,77356.7,12.48,500.0,medical,6937.27,3.94,18565.79,12986.87,0,1,-1058.82,368.57,0
51,male,54293.36,0.45,6043.01,furniture,8231.29,2.06,5479.06,3832.87,3,2,1485.39,8455.57,0
42,female,38309.1,2.39,11562.36,electronics,3930.72,0.31,15802.74,8627.24,0,4,5419.21,5750.77,0
51,female,28923.65,3.19,21325.38,business,306.35,0.15,12464.69,840.6,1,2,2242.8,0.0,0
64,female,45206.12,1.86,3707.34,car,7278.36,6.86,5582.11,3237.45,0,9,5307.49,0.0,0
18,female,39613.24,7.74,11323.84,other,2852.15,1.58,13870.48,9835.11,0,2,5897.79,1115.97,1
38,male,26728.78,1.7,17401.16,other,4380.65,2.35,9740.16,2103.9,0,6,-3270.8,2793.21,0
71,male,81877.6,1.72,500.0,medical,25535.76,8.25,12960.7,3012.77,0,9,-4533.09,11223.67,0
35,male,77133.03,3.59,20270.29,business,19654.85,2.27,24760.46,8643.51,0,7,5486.28,23213.96,0
73,male,65448.88,2.53,2540.4,furniture,19058.11,5.77,12911.73,3674.69,1,7,5607.22,0.0,0
34,male,28424.69,3.94,14655.96,furniture,5357.4,15.92,3029.52,1953.22,1,4,2769.78,5826.44,1
44,male,60390.35,0.83,13973.47,furniture,9489.93,6.83,26980.26,4717.32,1,5,3176.65,4417.52,1
21,male,56513.28,2.58,20676.69,car,2978.81,1.27,16766.25,4358.72,0,9,4679.14,2917.06,1
59,male,52965.82,2.02,16407.4,education,11350.14,1.53,21857.92,1552.33,0,6,4623.23,7257.64,0
31,male,67493.97,2.02,500.0,other,20873.05,5.97,26265.77,8083.36,2,8,1087.45,4898.73,1
66,female,56436.68,1.45,5721.77,business,9963.68,1.0,28076.24,5264.98,2,10,4867.55,1831.4,0
25,female,58320.26,2.44,13105.64,other,25471.75,7.68,16048.65,3890.96,1,3,960.58,4175.46,1
24,male,56464.31,1.85,10440.16,other,10058.8,30.75,15302.97,5591.88,2,2,2730.65,7339.4,1
44,female,51134.25,17.71,15820.89,business,14674.3,2.4,10876.37,9280.45,1,6,2600.07,6768.83,1
22,male,12895.0,8.84,18314.93,car,1555.45,3.77,4514.01,2100.7,3,5,-578.32,5131.79,0
36,male,46505.18,0.96,16867.61,other,5667.23,9.59,13693.22,5636.25,1,2,-228.96,499.31,1
57,female,34988.54,0.22,10285.8,education,3724.64,0.67,13698.17,6060.37,1,9,8702.33,20914.86,0
46,female,21962.86,0.35,500.0,education,2143.65,11.56,5328.29,3626.21,2,7,-675.66,6157.08,0
49,female,75272.7,1.37,8356.15,other,22802.71,7.3,11466.88,6433.49,2,8,3109.88,8574.78,0
23,male,76121.92,2.93,15330.95,business,3933.67,1.52,33872.29,23948.29,0,8,3739.4,953.19,1
56,male,69465.97,2.91,3276.42,car,5937.12,4.78,29955.03,8203.55,0,5,1837.35,5137.44,0
23,female,49593.84,2.17,17050.2,medical,19533.83,4.65,11922.36,3539.99,1,6,4014.47,5089.65,1
50,female,69311.25,9.82,19267.15,other,18531.13,2.48,26070.78,5132.94,0,3,2986.95,0.0,1
63,male,45216.96,7.5,13014.94,furniture,6181.45,33.92,13427.68,5007.81,0,9,-610.75,0.0,0
59,male,48650.35,9.46,500.0,education,9650.16,8.86,19673.66,6028.64,1,11,3610.45,0.0,1
38,female,25317.52,0.64,1775.29,car,3746.19,9.05,6482.62,3377.67,1,10,365.88,397.26,0
26,male,52145.84,0.65,27089.51,medical,14182.47,3.9,16387.13,3222.03,3,5,7222.01,0.0,1
65,female,46086.95,5.35,7627.7,furniture,4503.35,7.99,5674.52,2403.56,2,1,3287.38,4263.14,0
30,female,21552.26,0.51,500.0,electronics,1849.58,9.16,3663.11,1454.07,0,10,-100.46,12384.15,0
46,male,44078.45,5.02,21881.98,business,5592.28,1.08,18191.45,9217.05,0,7,3026.87,4782.93,0
31,male,43564.87,0.33,12106.84,medical,12886.07,2.05,11005.63,3172.94,1,9,-774.56,0.0,1
19,female,77356.1,3.06,20839.52,electronics,4483.08,2.1,8821.86,6125.96,4,4,2773.34,0.0,0
41,female,61095.84,0.27,14215.67,other,16144.35,4.33,10206.34,3682.23,0,10,1322.91,1737.69,1
49,female,45206.02,1.29,15668.47,car,7182.72,7.97,11963.28,3897.85,0,10,-480.61,0.0,0
61,female,49478.17,1.38,14904.07,furniture,5291.36,0.99,19156.23,5278.08,1,1,-518.32,5826.74,1
59,male,45795.82,6.12,17579.91,car,13927.07,11.37,11238.02,1738.56,1,7,9304.8,12118.59,1
65,female,41347.55,0.46,30219.44,medical,3439.0,4.8,16459.4,2121.67,0,6,2274.18,544.57,0
64,male,25516.31,4.84,19768.05,electronics,6847.32,5.53,11309.45,7220.94,3,8,704.78,4456.8,1
40,male,42281.07,1.28,500.0,car,10737.73,10.86,9997.55,1687.19,0,3,185.24,1426.24,0
37,female,31570.23,3.38,15573.29,medical,5206.65,6.48,13264.24,1358.58,2,2,3413.5,222.23,1
52,male,22494.32,9.19,21131.85,furniture,9825.1,0.9,3391.07,1442.04,1,4,84.51,5137.46,1
45,female,54201.99,5.83,21621.61,business,3574.75,4.8,14423.88,7371.87,1,6,-1283.85,20.17,0
34,female,52042.76,6.63,8587.16,education,5068.17,2.36,7235.24,1594.7,1,3,1902.76,0.0,0
19,female,12839.26,13.49,21319.56,car,2872.32,12.05,1553.69,574.98,2,6,1880.09,0.0,1
45,female,42791.68,0.42,19421.94,business,12853.44,5.91,5383.66,1977.23,0,5,748.9,4387.53,1
44,female,62922.62,11.79,32580.14,other,23021.19,10.96,8928.77,5954.31,1,8,-673.88,10402.06,1
71,female,64066.03,10.97,5999.99,electronics,19859.4,1.84,27823.26,14158.73,1,5,827.09,8243.85,1
64,female,63465.06,3.31,7940.8,medical,14927.31,5.01,20148.31,14117.51,0,2,591.09,12951.96,1
33,male,45700.44,7.66,9551.05,furniture,14738.75,5.8,21888.47,5351.06,1,7,174.91,0.0,0
24,male,29789.18,0.07,8078.22,furniture,1325.84,13.75,9389.55,5802.65,3,3,2829.5,9104.86,1
62,female,25493.42,3.0,4879.83,furniture,2218.15,4.98,8960.54,3338.18,0,4,8678.68,0.0,0
45,female,51202.89,2.42,500.0,furniture,2812.06,6.83,8898.73,3948.32,1,8,5995.3,8255.55,1
20,male,51827.04,16.19,8522.4,furniture,9052.92,4.65,16389.39,1171.18,1,4,7825.76,13865.12,0
60,male,68171.96,1.19,14954.86,business,15072.25,3.5,17323.93,7768.71,0,1,296.93,6990.29,1
37,male,64799.63,3.01,8054.23,car,4691.64,1.04,30622.63,5221.93,0,4,7024.06,13970.87,1
27,female,42619.88,0.78,27483.05,education,9729.85,2.44,20183.43,2587.66,2,5,2681.83,407.61,1
55,female,22604.29,3.1,12107.01,furniture,3596.49,2.81,4055.2,547.72,0,8,4959.09,3194.61,1
62,male,39256.08,6.53,22328.23,furniture,6220.35,15.27,13663.17,1968.23,0,8,3373.11,0.0,1
62,female,48910.16,4.89,14091.36,medical,9547.87,4.77,17376.33,7520.61,2,1,970.2,4208.74,1
33,female,41362.5,0.01,18611.26,education,6796.73,3.41,13443.39,8224.54,2,9,4158.49,5618.04,1
51,female,34597.91,0.22,14233.93,electronics,5289.4,1.51,5180.41,3929.05,0,9,3454.79,4156.21,1
44,female,49551.93,4.34,22950.28,business,2364.6,4.42,17918.28,4339.06,1,2,-3304.56,1155.17,0
67,male,35928.76,3.86,12447.51,other,2405.92,1.8,15076.93,3566.23,2,4,1627.63,1055.71,0
28,male,33694.81,2.79,15968.97,furniture,1510.68,7.48,8022.41,1137.29,3,9,4617.21,6071.02,1
64,female,50606.15,1.1,14930.66,furniture,4778.65,3.04,15476.41,8299.68,3,7,2832.26,3044.28,1
37,female,37764.13,0.05,9693.72,business,9795.37,14.62,5533.62,1996.3,2,4,3408.41,0.0,1
53,female,49393.88,6.17,15239.86,education,4295.53,0.91,23327.52,15728.98,1,9,-254.27,0.0,0
46,female,49917.67,3.78,29875.09,business,6345.03,8.63,7178.92,3131.0,1,7,2768.63,427.07,1
37,male,24490.28,5.88,9836.82,furniture,4948.58,9.02,4490.31,759.17,1,6,1710.97,0.0,1
31,male,36337.66,5.39,15355.72,other,5897.1,0.67,7972.17,6674.74,0,1,1389.64,0.0,0
38,female,70879.98,2.88,22062.23,car,8066.99,3.23,30500.8,21666.47,0,8,-37.77,1460.17,1
52,male,24082.57,2.05,21122.03,furniture,5099.92,4.63,9157.69,6118.15,0,2,4744.59,3123.4,1
53,female,8000.0,0.37,12093.73,business,1581.84,0.39,822.45,617.34,0,11,3036.41,3.97,1
53,male,11486.79,2.52,500.0,education,3043.42,0.09,1992.09,296.58,1,3,2733.64,17147.21,1
55,male,45523.98,2.54,16133.62,electronics,4848.16,0.75,18212.34,11262.8,0,1,8152.35,0.0,0
20,male,45556.51,1.09,500.0,other,5245.52,0.2,11914.57,8209.67,0,5,3421.4,11255.27,1
40,female,42883.0,8.23,23759.5,electronics,6900.81,1.66,4737.95,1726.15,0,4,5601.49,3024.59,1
35,male,66855.42,4.36,13355.79,business,6480.65,20.18,32462.77,18046.08,0,4,2818.8,54.84,0
40,female,8000.0,0.56,19997.39,electronics,157.31,4.76,1283.95,298.9,2,11,940.51,7525.46,1
39,female,52126.81,10.61,4783.11,education,10685.46,5.57,15856.28,9300.41,1,4,-1177.41,1282.73,0
28,female,73105.89,3.45,500.0,medical,23284.63,0.62,14571.94,11837.52,2,10,2724.17,0.0,1
72,female,24699.95,1.29,14086.04,electronics,3619.25,6.66,9756.18,3015.21,0,2,-5990.47,14738.86,0
18,male,38163.48,11.68,11731.17,electronics,5813.8,2.86,15673.38,2860.66,1,7,2817.4,0.0,0
51,female,31447.95,2.5,8067.67,medical,3271.21,36.34,8141.5,1449.95,0,2,2946.2,2530.76,0
44,female,28901.77,7.3,12677.29,car,8825.07,3.81,10502.32,5046.32,1,3,1347.3,5140.43,0
58,male,39127.28,3.98,34139.49,education,1314.11,11.98,18140.56,4695.91,0,2,1722.9,12448.14,0
65,female,70694.74,1.06,18676.2,furniture,20445.26,1.68,30110.56,13177.52,1,4,-1753.51,1609.41,1
54,male,78072.96,5.02,20395.99,education,22393.8,8.88,20764.21,4170.39,0,6,6156.81,19966.09,0
61,female,38953.09,1.3,18751.5,business,6058.92,4.11,10774.05,7011.55,2,10,988.25,8554.71,1
33,female,79291.08,1.58,23835.7,education,8136.34,1.03,36057.72,13701.27,1,9,-916.28,0.0,1
74,male,45640.38,2.06,10479.43,other,11197.2,5.26,5191.55,2370.5,2,8,3633.98,0.0,1
22,male,76566.44,1.91,500.0,other,18345.51,1.32,8355.28,552.35,1,6,2332.27,5421.6,0
56,male,43320.62,3.68,10491.31,furniture,7848.33,1.44,7898.14,2504.07,1,4,925.0,0.0,0
26,female,47359.04,6.01,18493.89,business,1971.82,26.35,20414.05,11050.59,1,4,607.9,7287.0,0
31,female,51578.54,2.26,4241.6,electronics,17186.89,3.06,8318.86,2409.61,1,2,1983.08,1277.62,0
65,female,102219.37,2.83,10589.07,medical,13957.77,6.62,21886.36,7163.95,0,8,6037.45,0.0,0
56,male,60323.14,0.46,6465.84,education,12587.49,2.08,21211.27,2982.35,2,9,3408.64,0.0,1
54,male,32269.24,2.98,24016.23,other,969.45,12.1,5605.07,2857.43,0,7,1896.78,9111.48,0
65,female,62441.96,0.87,17995.66,other,2370.93,1.97,13815.07,4405.46,0,7,4557.3,0.0,1
33,male,38487.01,1.58,17212.32,car,1974.03,12.18,11036.73,1268.4,1,5,2082.6,10271.65,0
54,male,36184.5,1.71,16972.81,car,7793.61,20.17,6920.06,2580.79,2,11,3204.66,10447.22,0
29,male,61354.82,3.09,11702.01,car,18061.66,8.74,30491.23,16539.43,0,10,2453.38,2011.56,1
45,female,45559.54,5.42,13580.45,medical,1693.37,8.2,7534.56,2667.53,0,5,3769.34,0.0,0
41,male,50014.37,2.51,2518.52,furniture,8595.44,10.46,22005.06,7372.62,1,9,667.57,7335.19,0
53,male,45251.73,0.28,500.0,medical,14273.9,0.89,13034.31,5945.56,0,4,-1418.03,1081.84,0
21,female,51058.5,10.78,13200.65,electronics,1203.72,10.71,7742.99,2129.43,1,2,4720.54,0.0,0
19,female,52649.39,0.97,14591.92,electronics,17210.58,3.35,7760.23,3363.28,2,4,6514.78,15454.84,0
19,female,10134.6,2.4,21674.12,business,1123.78,4.75,3041.58,1971.41,0,10,-1275.64,0.0,1
33,female,56998.31,12.11,24570.69,medical,19275.04,3.61,13759.85,7050.48,1,6,2537.88,0.0,1
50,male,27323.65,10.66,24559.99,education,3389.53,13.9,5296.44,1524.79,0,10,653.39,5710.3,1
26,male,19038.62,3.4,4015.81,business,3677.74,2.47,9206.61,3505.09,2,4,4650.14,3592.92,1
74,female,43948.6,4.88,9181.88,medical,6503.68,2.84,12540.82,4068.16,1,6,2739.94,12917.13,1
41,male,46511.66,7.42,15842.67,furniture,4406.09,13.79,21931.38,9339.7,0,1,11982.42,1716.88,1
35,female,32516.89,1.42,32255.24,business,2881.94,1.45,5384.79,713.71,0,9,1095.7,1780.26,1
68,female,59958.57,4.88,23840.79,electronics,7827.33,6.3,10396.0,2219.15,1,4,6611.88,6011.37,0
27,female,20840.85,1.35,20955.18,furniture,4005.5,3.14,7052.77,2226.68,1,2,6903.89,5197.11,1
28,female,37675.01,5.41,8897.7,electronics,11092.61,5.19,7834.53,5613.16,0,3,3600.79,5380.23,0
39,female,34472.27,2.01,4934.4,furniture,4548.73,2.44,5997.32,1683.56,1,8,2111.25,5631.71,0
22,female,44161.43,1.29,18311.26,electronics,14541.76,7.94,6088.72,4349.92,0,9,2284.51,4987.7,0
56,male,50019.56,7.0,3194.71,car,15245.01,0.72,6527.97,2870.76,1,11,2030.61,1501.1,0
62,male,26857.93,0.71,10092.51,medical,4983.5,9.63,10777.21,1642.68,0,3,5399.9,8996.07,1
38,female,58037.09,4.27,11081.78,electronics,9101.22,1.5,12354.08,5029.98,2,7,-617.91,1840.62,0
67,female,46134.04,0.05,24743.3,business,10292.71,6.57,22668.78,11309.0,0,6,1517.05,8826.1,0
18,male,10944.97,2.48,9162.42,medical,699.17,3.04,1896.2,856.88,2,8,1153.44,12326.57,0
48,female,9745.35,7.96,500.0,medical,649.18,6.52,2356.22,704.97,0,8,-3178.58,0.0,0
59,male,44778.25,6.51,16035.56,car,5921.76,18.56,11192.93,3188.77,0,1,4576.74,18426.9,0
39,male,41022.59,2.94,6407.83,education,5408.58,6.04,12309.28,4570.0,2,2,5188.76,0.0,0
71,female,43138.44,1.73,12341.05,electronics,8964.38,12.27,19336.99,1298.56,0,7,97.34,0.0,0
42,male,44496.32,1.02,11306.36,electronics,5896.74,2.34,19307.31,3574.2,0,6,5090.4,7239.94,0
70,female,49060.08,0.65,9810.37,medical,17151.1,9.56,5101.39,3407.67,2,10,-2750.97,6649.37,1
55,male,62057.69,0.24,18322.72,car,3488.3,1.59,16364.74,5546.86,1,10,2071.86,4430.89,1
31,male,25000.11,1.43,500.0,electronics,4780.23,6.02,10779.42,5286.53,1,1,1621.22,8909.51,1
65,female,23904.51,0.66,7863.89,medical,3146.11,9.35,2392.34,950.98,0,7,2263.25,5515.78,1
19,female,25320.17,5.32,17472.3,electronics,7441.85,0.03,7936.76,576.13,1,5,2247.64,16394.45,0
28,female,50200.5,0.01,7087.32,car,18832.69,3.35,10230.37,2867.09,0,6,1768.88,3680.65,0
62,female,67409.05,6.64,500.0,furniture,4822.2,2.93,17870.64,10901.58,1,1,836.68,0.0,0
69,male,37235.89,0.98,17348.44,electronics,1195.24,6.67,9983.76,839.93,1,10,1673.88,689.74,0
40,male,8000.0,7.75,20984.76,furniture,971.36,3.38,2053.61,1862.56,0,2,6089.66,6827.95,1
55,male,14328.13,4.87,11640.04,business,2479.1,10.8,6544.8,3437.11,1,11,263.84,6915.71,1
57,female,30005.34,0.82,500.0,furniture,2413.63,7.4,9439.24,4317.45,0,11,8766.02,5238.86,0
60,male,34960.88,4.15,17647.76,medical,4151.11,10.37,16134.4,8062.69,0,10,94.51,0.0,0
69,male,37649.0,16.0,500.0,electronics,5127.38,3.4,14709.35,5566.72,1,2,2720.18,10651.89,0
22,male,45694.46,2.14,14470.39,car,13292.96,8.6,10987.14,7610.06,1,5,3713.62,15621.94,0
28,male,39388.57,1.58,4900.29,car,2248.37,1.64,11715.16,6426.82,2,1,1124.73,4175.35,0
70,female,63888.11,4.91,2721.29,business,6088.47,32.72,16351.74,1189.97,0,7,6147.09,14863.63,0
49,male,32831.69,5.76,8464.72,medical,3423.03,1.72,14164.57,4679.48,0,10,3635.64,9197.54,1
48,female,29478.28,3.04,10533.62,car,5332.16,4.44,5159.85,1848.26,1,6,1385.29,17312.12,1
40,male,53619.76,0.24,6846.33,electronics,15103.61,11.87,25446.06,7925.9,0,1,6113.79,6835.86,0
38,male,17358.44,0.07,16709.63,medical,2620.33,4.84,5765.95,3677.94,1,4,-1046.48,4819.62,1
31,female,52014.45,10.96,8431.44,other,6010.13,2.81,17929.55,3610.54,0,2,303.55,9054.41,0
40,male,46845.96,3.27,19841.53,medical,2521.08,8.42,14368.62,2904.94,0,5,3687.71,1398.49,0
22,male,42346.04,1.44,14249.39,business,7419.19,1.06,13626.89,9230.17,0,5,4404.4,6442.7,1
34,male,73588.97,3.39,6419.54,medical,8593.2,0.88,27012.32,6210.35,0,10,2967.87,11984.3,0
74,male,33800.27,3.1,5072.48,electronics,2951.21,3.24,12236.17,4594.45,2,3,1618.42,8917.06,0
27,female,82085.37,0.12,500.0,car,9440.67,11.37,15239.87,2217.89,0,4,1245.67,3814.25,0
59,male,40942.23,0.39,14325.87,education,3685.9,7.5,13632.78,6830.52,1,3,5394.2,5202.49,1
19,male,22013.7,1.78,9163.3,education,1776.26,5.01,5324.03,2566.94,1,10,2721.18,8546.06,1
59,female,46258.55,16.61,500.0,medical,4554.51,1.43,16413.1,3637.0,1,4,-616.72,8346.68,0
33,male,25627.59,1.65,7714.28,furniture,2947.26,4.58,8178.63,2298.92,4,11,-789.71,8500.39,0
58,male,31468.39,3.95,4791.73,other,3125.98,4.87,5408.54,1479.91,0,8,6540.38,6036.63,0
46,female,52146.6,0.26,24605.42,education,12897.99,3.7,20540.21,5730.83,1,4,-156.28,0.0,1
62,female,55000.48,1.72,500.0,education,7994.84,2.39,15554.43,8092.37,1,7,2818.19,9.08,0
56,female,33800.98,1.74,500.0,other,1939.06,2.45,10835.8,1772.43,1,2,6052.72,6767.0,1
49,female,62773.29,4.8,20879.76,education,4691.9,0.23,23166.93,9657.05,0,10,3626.32,8988.76,0
59,female,65835.14,1.32,22854.11,car,5515.42,2.71,23776.28,856.62,1,11,-272.93,8211.62,1
73,female,70853.43,10.01,6040.14,furniture,36605.83,6.74,28311.01,15058.18,0,4,-1047.08,0.0,1
51,male,54529.44,0.51,6943.31,business,6239.42,1.4,9962.57,3901.88,1,2,7609.67,3093.0,0
27,male,69541.72,8.2,16929.88,furniture,10918.05,0.7,10024.89,1025.16,1,5,-1123.49,0.0,0
24,male,11145.63,0.51,500.0,furniture,339.56,4.81,4097.93,1375.42,0,9,340.19,0.0,0
49,male,39277.68,7.83,500.0,electronics,4731.42,9.6,7635.34,2175.05,2,7,3117.51,4488.88,0
42,female,29393.91,2.54,9754.13,education,9301.61,0.29,4286.86,1734.6,3,1,1343.36,12148.94,1
52,female,47146.07,18.76,24399.12,car,4743.55,1.11,7189.54,239.63,0,1,3721.42,4598.82,0
56,female,34713.91,0.35,8514.16,education,10757.15,5.01,7814.8,4905.63,1,3,-2403.32,15448.81,1
28,female,42009.16,3.87,12807.49,medical,3171.96,14.64,20866.57,5361.57,0,9,1368.8,3015.38,0
60,female,78879.15,14.22,21070.31,education,11747.67,5.12,12849.74,1311.99,0,3,4033.07,4187.3,0
74,female,41945.04,3.25,28855.08,business,6654.12,4.38,9203.36,2592.92,1,10,4043.22,0.0,1
36,female,52448.26,11.2,7385.21,business,4832.26,27.94,24561.19,6972.4,1,4,282.64,1916.54,0
70,female,40819.15,0.6,11865.31,education,6725.54,13.25,19810.48,4320.68,0,10,-1065.13,0.0,0
70,male,46362.84,1.57,26576.44,other,11216.93,3.23,8880.22,1749.37,1,11,2641.14,0.0,1
41,male,45108.3,1.4,500.0,business,11249.83,17.5,20397.12,1549.36,0,9,-1937.39,0.0,0
63,female,53069.83,3.03,20220.65,medical,17863.9,8.2,8255.92,3602.93,3,2,5852.81,4511.65,1
71,female,65975.54,2.01,3853.48,business,9394.69,2.33,26694.66,2474.74,2,1,2472.23,0.0,0
66,male,74653.09,0.12,12819.78,other,19439.92,1.04,7853.75,2407.75,0,2,-90.43,1000.76,0
40,female,50573.16,4.09,10059.05,education,5262.56,1.38,13282.93,7979.65,2,7,-1163.5,6459.22,1
55,male,55611.84,1.76,4335.91,furniture,19943.75,3.35,11063.09,2691.0,0,8,100.83,0.0,0
51,female,24284.44,11.8,4135.18,furniture,1808.98,0.97,9267.02,4188.54,0,11,-2685.79,4486.22,0
41,female,43418.22,1.28,14211.31,other,9818.87,18.51,4620.67,1190.23,1,11,3484.34,9088.45,0
54,male,61925.21,5.58,19964.31,medical,7663.36,1.79,17708.18,8721.06,1,4,-408.54,9607.36,1
71,male,60587.44,3.06,10962.11,electronics,5651.58,15.3,22943.95,10689.01,1,5,3199.02,7099.4,0
19,female,48808.98,8.8,12560.91,education,3151.88,6.39,5792.74,3000.35,2,9,3612.64,3686.91,0
69,male,60955.09,0.97,16569.39,car,15826.95,14.73,27975.95,17546.13,1,9,4897.99,257.57,1
38,male,53833.8,0.44,4227.05,other,3592.3,0.6,13161.23,2329.0,2,4,2755.54,3505.85,1
65,male,66605.51,0.64,17917.54,education,18664.19,4.77,11063.6,3889.97,0,1,5375.7,13920.78,0
24,male,50208.46,0.39,18554.74,electronics,12012.77,1.49,9548.94,4911.2,3,2,6158.33,5638.4,0
68,male,38597.43,4.17,32829.01,furniture,5955.54,24.95,9092.1,910.43,1,10,2774.65,3358.71,0
43,female,51045.14,1.49,8991.17,car,17904.43,12.74,9154.95,2733.88,0,4,2955.58,7382.16,0
70,female,8000.0,6.75,8335.35,medical,1954.72,1.94,2433.85,596.5,1,8,327.58,4298.35,1
42,female,51891.94,3.0,18151.73,furniture,1838.29,19.18,18326.82,14574.78,0,9,-962.87,5354.76,0
60,female,8000.0,10.8,18552.83,car,1492.19,8.14,2186.98,1932.65,1,10,5846.22,2519.7,1
51,female,13977.66,1.66,7719.3,other,3199.89,5.75,3785.33,611.9,0,6,3817.23,1510.37,1
29,male,53131.83,1.0,8774.7,education,6477.25,11.53,21926.44,11812.86,0,8,4060.49,9976.0,1
32,female,53595.53,4.87,16329.05,car,8538.88,5.27,11812.81,3239.17,3,3,227.87,0.0,0
48,male,24076.28,0.0,5379.33,electronics,4993.55,11.03,8405.21,6028.69,0,11,6871.76,6871.61,1
45,female,32182.16,13.76,8715.73,education,4809.22,6.48,14712.68,6635.47,0,10,1314.16,1139.48,1
53,female,69669.74,0.07,12716.74,furniture,7369.61,0.41,13140.11,5538.81,0,5,-405.52,0.0,1
63,male,36287.46,3.39,19967.51,other,2466.07,3.13,12626.59,4143.04,0,5,278.98,0.0,1
62,male,85372.57,4.14,7163.21,other,29024.28,5.21,40909.57,9713.26,0,9,6713.57,3783.72,1
21,male,44965.44,6.88,500.0,other,6034.18,6.63,14025.54,5481.78,1,5,-1333.14,4608.88,0
46,female,52344.65,1.42,500.0,education,11348.99,1.2,25688.61,15679.03,0,8,-253.37,8440.03,0
26,female,74103.74,2.46,1924.7,other,9137.67,8.35,16600.6,5699.05,1,1,10695.53,8848.11,0
47,male,47358.49,1.1,1494.66,electronics,12624.49,5.77,15425.49,8334.52,1,3,4823.11,0.0,0
48,female,26957.81,0.5,10763.11,education,3880.72,10.29,6049.72,4102.38,2,9,-199.17,6265.02,1
74,female,43024.91,5.59,2488.96,medical,12527.65,11.76,4366.5,3219.11,1,11,-1244.34,8371.26,1
40,female,44359.01,4.5,6377.96,education,8011.88,14.54,22131.74,8886.42,2,1,-3018.09,5313.54,0
43,male,20434.65,10.11,5807.31,medical,687.47,3.02,4005.68,682.44,2,9,2291.34,7014.65,0
47,male,40395.02,1.36,8475.94,car,3807.4,3.1,19762.89,15747.62,0,1,4184.06,0.0,0
25,female,31640.54,0.93,22580.03,education,5187.33,10.74,11428.98,4923.28,2,10,6556.39,0.0,1
21,female,61638.44,0.92,17295.58,medical,9739.32,0.7,28450.67,8237.29,0,3,-3681.95,12196.28,0
58,female,45623.01,0.09,12129.04,furniture,12453.98,5.0,22212.98,5021.01,1,4,-1976.14,2321.75,0
35,female,39909.68,4.18,8311.79,electronics,10435.84,1.14,13055.72,886.84,1,8,1641.35,17338.62,1
38,male,43088.73,0.01,8534.14,other,7859.13,2.49,21539.04,10907.87,0,10,10363.01,0.0,0
74,male,49016.2,1.93,14621.97,business,5760.75,22.02,19946.26,5043.62,1,5,4657.71,13382.63,0
32,male,56102.66,2.43,16673.35,electronics,2836.42,1.25,17365.22,5268.8,1,4,3118.4,335.77,0
69,female,27005.18,2.81,4739.06,electronics,2416.08,1.21,9775.26,3275.58,0,11,-1674.77,9174.62,1
53,female,26251.42,13.41,12291.85,furniture,2661.35,6.85,4665.1,3381.21,1,11,-4359.96,2227.71,0
33,female,64884.23,0.0,500.0,medical,7570.58,0.16,6774.76,3745.09,2,6,2116.55,4694.07,0
72,female,37577.94,0.78,13693.71,car,5042.03,0.66,7617.64,3847.11,1,1,1701.89,7573.26,1
53,male,19496.84,5.25,18097.19,furniture,1422.49,9.24,5341.91,3216.36,1,11,1196.58,319.88,0
35,male,52988.63,6.26,9759.45,car,9330.01,9.11,10132.54,3833.55,1,7,858.7,8806.64,1
43,female,53340.66,7.72,26532.22,medical,2304.95,1.99,16301.67,3344.18,1,7,-245.06,2404.76,0
39,male,17447.13,5.4,4950.09,other,1377.02,8.28,6336.41,1392.25,0,2,-932.93,5068.3,0
66,male,49130.67,1.4,13739.52,car,6956.3,5.26,17800.9,10827.11,0,11,6168.52,0.0,0
44,female,58240.5,4.94,11713.4,other,4386.29,0.07,26645.36,11452.77,0,8,-659.58,1975.99,0
20,male,51738.96,7.49,11197.62,other,2511.37,0.03,25172.43,6929.06,0,3,1171.56,11581.25,0
57,male,56375.67,6.28,11085.42,education,19229.55,7.17,25722.98,19096.53,0,5,1882.77,8168.06,1
61,male,19723.16,0.53,12856.84,car,3742.44,2.15,6865.04,4010.07,1,4,4118.84,9319.27,0
40,female,50958.72,1.03,18783.67,business,5303.1,3.79,9290.06,4538.02,0,10,-555.49,4319.91,0
70,male,39552.84,0.66,23021.89,education,9617.88,0.13,18881.76,8781.8,2,6,4934.2,14057.65,1
42,female,36309.78,7.62,11982.0,medical,9040.67,5.76,6170.63,1915.01,0,10,261.0,5730.63,0
33,female,60670.0,3.03,18522.53,electronics,9560.24,4.22,9741.84,4537.69,1,8,1514.31,39.4,0
57,male,71626.94,1.53,6385.86,education,18372.01,5.62,16261.3,5506.1,3,5,6929.3,9130.85,1
25,female,77298.66,0.72,18127.64,other,6499.56,1.65,25465.44,7759.73,2,5,-907.68,9535.59,1
74,female,68666.54,0.33,5904.07,business,10894.68,0.22,25584.4,2052.02,2,9,4162.71,7777.55,0
56,female,43024.78,5.0,20725.28,business,11142.13,0.89,4531.24,3166.23,0,6,5013.83,1582.4,1
36,female,51348.96,0.36,29685.13,other,5996.68,8.52,21115.15,11752.23,0,8,2929.69,5688.83,0
22,male,58802.81,3.47,11023.33,education,19638.52,16.55,9996.94,4259.08,0,2,1647.41,12359.95,0
51,male,47181.2,1.18,500.0,furniture,5361.73,1.12,10313.53,5391.47,2,5,8377.11,6865.3,1
51,female,47353.76,0.59,7615.42,other,5905.12,13.72,10836.18,8273.71,0,7,1958.46,0.0,1
63,female,59827.56,0.02,21855.0,car,6240.24,6.13,13938.53,4816.01,0,4,2612.23,227.42,1
34,male,43932.91,1.8,16424.61,education,5579.08,19.78,17755.36,2719.73,2,10,990.42,0.0,1
30,male,31872.84,2.16,13991.31,medical,2091.69,0.5,3709.29,2126.59,0,3,2453.25,0.0,0
41,female,37539.48,9.66,20069.35,medical,6828.85,6.41,6704.82,2597.34,3,10,4892.35,0.0,0
64,male,56410.39,1.8,15875.63,business,12481.38,7.95,6144.65,2209.19,0,1,1174.08,15343.47,0
69,male,45053.88,0.65,21741.8,electronics,5232.34,0.8,18531.55,1616.74,1,5,-4325.59,0.0,1
38,female,51123.78,3.78,19355.39,furniture,17912.71,0.88,25229.02,13788.56,2,6,3540.71,0.0,1
20,male,57061.43,0.16,24173.6,car,11793.76,2.87,20760.02,6220.48,1,3,-1235.0,0.0,1
24,female,38252.85,11.67,14870.37,electronics,968.68,4.1,12855.09,8161.39,1,6,4225.63,9198.57,1
49,female,58612.47,8.3,19242.08,other,8739.36,8.0,27150.85,9444.55,1,10,1996.03,3454.81,0
19,female,51819.17,5.26,9542.98,business,17443.6,7.36,10466.52,4255.5,2,5,4829.33,1894.52,0
59,female,22773.36,9.95,7188.31,electronics,2021.32,9.24,2882.76,488.29,2,6,-845.03,2211.99,0
19,male,70961.49,2.43,25654.14,education,2586.32,8.23,21571.44,4939.21,0,11,394.34,7526.83,0
42,female,35986.59,7.09,13729.64,electronics,11679.78,1.44,7346.28,4338.74,2,11,979.89,1119.87,1
63,female,15208.28,2.59,18439.04,other,2556.68,23.77,4264.9,1571.57,0,1,-2446.85,0.0,1
44,male,26189.21,20.9,12989.92,education,5215.12,1.87,7398.97,3716.74,2,8,5334.26,0.0,1
56,male,26621.19,3.04,7307.87,medical,1069.22,5.27,6057.19,529.43,1,10,-2876.27,0.0,1
37,female,45939.12,3.42,12087.86,car,9317.8,5.86,13530.44,4809.66,1,11,5291.94,5651.91,0
63,female,40070.69,2.96,23487.95,education,4646.56,11.32,10100.25,3256.93,0,9,3273.2,9580.11,1
42,male,38937.02,3.9,16441.92,business,5651.57,11.53,5654.58,1088.47,2,1,1403.4,12794.83,0
60,male,56154.64,14.44,500.0,business,19418.12,3.5,25083.73,6668.86,3,9,3035.35,0.0,0
72,female,51117.76,0.57,10278.04,car,5818.24,6.82,19450.79,3670.99,0,10,2953.2,7721.62,0
39,female,50688.86,0.78,26258.35,business,10113.0,0.46,5906.45,2083.85,2,6,798.72,309.57,1
31,female,52376.91,2.93,10289.63,medical,9819.79,1.37,7663.51,2607.52,1,1,2894.45,21540.75,1
71,male,56090.42,3.08,500.0,car,15490.42,0.56,7774.46,2608.34,1,3,4193.55,12301.32,0
56,female,8000.0,1.8,27144.39,electronics,566.5,3.8,997.58,421.52,0,4,-834.05,14211.37,1
68,male,38440.11,0.52,17459.14,electronics,5194.02,9.69,4752.07,1065.93,1,10,3038.58,8814.64,0
39,female,8000.0,6.07,11439.9,furniture,292.75,2.44,1302.76,623.2,1,2,-5878.98,6291.33,1
37,male,45649.08,1.13,9028.66,education,5895.7,6.25,20046.69,5998.88,0,9,-3788.8,1584.5,0
25,male,44916.61,6.38,20658.82,other,6985.1,2.84,19372.23,4637.83,0,2,3693.58,404.08,1
62,female,63819.58,17.65,7664.13,other,11584.69,11.59,26373.99,10851.62,1,10,746.51,0.0,0
66,female,66377.42,10.0,21186.05,business,8232.37,9.71,22958.79,9621.11,0,1,-560.31,7705.45,0
64,male,48649.95,0.91,16337.56,other,7498.66,13.35,18944.17,11292.57,1,3,1840.92,13362.42,0
34,female,35993.5,1.16,13957.46,medical,9412.36,1.38,14231.56,5142.38,0,2,812.15,1859.15,0
45,male,53732.9,1.57,13164.12,car,5662.61,1.92,24487.43,7352.75,2,7,-965.82,0.0,0
46,male,35497.48,5.39,10600.26,electronics,1840.56,0.33,13948.28,1763.45,0,9,-2917.15,0.0,0
24,male,44974.93,6.23,20365.12,medical,4220.9,0.81,17746.38,5366.27,0,5,-3904.47,5468.15,1
18,female,62750.45,0.2,5077.26,education,11409.88,1.69,26457.63,18177.48,0,6,4216.38,11375.6,0
37,female,34960.12,2.15,500.0,business,3400.49,11.44,11276.1,4592.85,1,8,732.5,11675.96,1
47,female,59502.22,8.59,16915.52,electronics,9737.08,8.22,11020.5,4686.57,0,6,4908.65,12270.63,0
74,female,57193.22,3.49,17049.91,car,7366.9,3.92,7653.43,3711.08,1,9,702.05,6492.44,1
67,male,27813.75,3.55,15841.93,education,7523.53,7.39,7443.44,2664.27,0,4,3064.91,4541.13,1
58,female,62530.09,1.13,15261.83,electronics,9977.11,7.66,8546.25,3349.62,0,2,1623.79,11693.51,0
72,male,57574.19,2.11,9435.68,medical,12561.49,10.34,9656.44,966.15,1,3,2133.34,0.0,0
62,female,46834.67,4.77,18299.86,other,15089.77,2.04,5130.08,1204.56,0,2,2279.11,1354.93,1
47,female,31278.18,5.19,11635.53,car,2206.79,0.26,6883.78,2735.71,0,1,662.88,14265.09,0
69,female,29534.29,8.04,8103.09,electronics,4267.97,4.98,14412.71,10095.87,1,1,-1688.86,0.0,1
70,male,35322.07,0.41,9504.87,electronics,6156.05,3.63,8886.06,2769.16,1,1,4298.4,3793.25,0
29,male,54766.7,4.13,28165.12,business,9447.68,2.11,10753.83,2757.9,1,2,6780.64,7787.98,0
34,female,27798.75,3.33,500.0,electronics,4594.57,6.07,7266.03,2495.02,2,7,6977.65,4496.19,0
73,male,52875.22,0.59,15998.3,education,2579.51,3.84,11660.86,5528.77,0,3,340.19,10896.51,0
18,male,22648.4,2.79,500.0,other,2395.48,10.02,8369.73,4171.91,1,7,-199.51,13154.07,1
47,male,41326.77,2.81,11134.13,business,9131.74,3.17,14620.86,4861.99,0,1,337.15,6877.99,0
39,male,46973.66,0.52,8530.98,car,3149.4,0.76,5211.12,1739.3,1,9,1472.49,12340.38,1
60,male,89012.34,1.63,500.0,education,21111.44,0.13,27106.86,3248.89,0,4,1842.62,0.0,0
72,male,20208.32,10.29,15112.3,other,4316.3,1.95,2313.45,858.66,1,5,-993.79,3054.76,1
36,female,71496.26,8.52,8959.7,education,8560.27,3.01,26521.2,10698.74,1,8,-2439.21,18431.15,0
30,male,47697.16,5.92,500.0,other,7725.17,11.23,22623.88,5845.68,1,11,2149.83,15657.58,1
36,female,52401.09,1.63,18716.54,other,7376.84,3.51,24261.45,7771.7,1,9,-8591.23,0.0,0
58,male,47130.26,2.53,23480.05,furniture,8486.36,4.02,8591.13,6278.44,0,5,1698.03,3923.43,1
38,female,53005.08,12.98,23920.99,electronics,3454.71,1.36,21046.1,4191.45,1,4,-834.24,4816.45,0
54,male,42233.67,9.75,14871.65,furniture,7531.62,10.36,17621.0,9109.52,1,4,4340.46,6499.15,1
37,female,71172.9,7.02,12368.47,furniture,15914.61,9.14,31725.11,13015.04,0,1,5142.9,11644.26,0
60,male,36783.52,1.7,22625.25,electronics,6471.8,24.58,7497.93,5170.93,0,4,5213.74,15034.95,1
21,female,65380.22,0.77,25459.07,electronics,8958.62,11.55,18328.3,8168.23,0,9,960.66,4224.5,0
37,female,33401.39,0.66,21068.55,electronics,5533.02,16.53,6299.56,777.28,0,4,-1405.43,10731.91,1
35,male,43915.47,0.12,4467.7,medical,6479.1,0.68,4818.57,3198.51,0,5,-443.78,7889.18,0
52,male,25704.67,3.03,13610.76,furniture,7600.45,10.81,9346.35,4333.54,0,1,2862.83,3873.22,1
54,male,53190.43,3.54,15516.13,education,8631.43,0.22,14498.94,9693.39,2,3,-2937.59,0.0,1
59,female,71012.27,11.05,500.0,other,11619.74,36.22,14148.96,3762.79,0,1,6180.65,10110.84,0
69,female,43607.59,3.76,15754.89,medical,10459.52,3.6,19136.82,4507.83,0,6,1008.11,7631.16,0
63,male,41456.06,0.96,30183.93,furniture,3766.17,1.0,12365.19,10396.45,0,4,3500.52,6337.54,1
20,female,24936.89,6.08,17119.49,furniture,2918.12,0.84,12415.16,5541.52,1,11,-3344.28,0.0,0
56,female,40872.73,1.03,23787.3,other,5356.6,15.84,17057.95,15637.16,2,7,-777.95,15754.82,1
18,male,16329.7,8.68,13463.32,business,5175.6,4.9,7310.55,2213.97,0,5,-3717.04,4914.83,0
41,male,28568.2,0.22,11414.25,other,5077.57,0.03,11693.9,7409.24,0,6,5063.57,0.0,1
51,male,49082.15,1.18,15050.17,other,6514.99,8.87,6987.82,3245.73,0,11,1519.39,0.0,0
36,female,68742.24,16.11,5473.39,education,7659.8,8.76,8662.32,3081.73,1,2,3713.91,8064.83,0
57,female,95565.8,1.7,4289.8,education,10837.7,4.47,44536.67,11285.74,0,3,2190.24,8243.5,0
63,male,34441.47,0.01,22130.44,electronics,2625.12,1.28,5348.03,1075.24,0,6,3405.43,1221.94,0
52,female,70835.4,1.47,22978.74,business,12386.45,1.33,18168.61,10710.16,1,2,987.67,6775.75,0
47,female,49387.54,1.86,4071.15,business,7779.27,2.81,16987.56,11488.0,1,6,1389.36,8005.64,1
73,female,42277.54,1.09,19743.99,business,2063.72,4.68,7811.17,3424.97,0,2,1724.8,4839.55,0
55,male,52786.7,5.0,11304.32,other,16677.87,23.16,10035.49,4688.17,1,10,3216.89,0.0,0
31,female,46114.5,3.07,14718.47,medical,6266.32,6.07,13211.64,7880.2,0,9,3296.36,9768.14,0
55,female,46987.12,4.46,15681.75,car,11607.72,1.44,11481.68,2661.88,1,1,10434.31,9025.79,0
45,male,37650.0,4.27,19954.8,electronics,4366.28,5.72,13954.23,11150.88,0,6,7044.81,7406.08,1
19,male,19834.03,0.06,12661.75,education,4279.6,19.86,2579.03,1991.58,0,3,-3336.28,0.0,1
70,female,17214.75,0.91,23281.3,business,579.48,1.44,5087.02,3394.35,1,7,1570.68,0.0,0
63,female,56758.41,8.04,14475.3,other,12580.41,1.3,9632.13,1133.07,2,6,782.31,4459.14,1
53,female,40019.4,8.62,16993.47,electronics,9268.84,0.2,13714.25,5185.53,1,11,5840.39,9577.43,1
56,female,34270.4,2.68,5333.9,medical,3400.01,5.25,5020.11,1815.18,1,2,1052.76,10242.24,0
50,female,45153.1,1.91,29269.27,electronics,3569.15,0.28,8084.79,523.15,0,6,3392.87,7506.29,0
37,male,59308.78,2.13,15758.6,furniture,8390.49,31.25,25001.95,2330.1,0,11,-5011.18,1297.27,0
71,female,48246.55,2.16,17703.98,education,8766.24,13.64,9363.05,1804.97,1,2,-2540.8,0.0,0
49,male,33191.01,9.93,500.0,furniture,3806.44,0.9,13104.68,4400.78,0,3,8276.88,3898.8,0
37,female,67073.27,0.09,5418.38,electronics,2119.09,1.64,14033.41,4198.53,1,8,2150.73,3955.7,0
57,female,73425.34,3.58,21903.07,furniture,7977.1,1.8,14245.32,9768.02,0,2,-995.38,10643.77,0
26,male,53902.02,1.66,14295.13,car,7201.68,0.66,11840.22,433.9,0,3,2728.61,1121.71,1
36,female,62525.94,8.34,500.0,business,9723.5,9.81,28285.04,19017.28,3,11,-1159.18,1620.1,1
25,female,67355.28,4.84,20306.32,medical,12928.04,9.05,17436.01,2449.74,0,7,1149.88,16329.95,1
22,male,65341.79,2.36,7649.74,car,15674.97,1.87,12905.28,2889.7,0,1,-2357.85,13307.33,0
64,female,56053.79,5.02,23290.54,business,20402.34,8.97,17637.65,10176.4,1,10,-366.16,0.0,1
42,female,55770.25,15.69,11297.31,education,9221.99,6.57,14179.95,3195.81,1,6,750.99,12812.51,1
66,male,54353.89,1.51,13637.65,car,13136.64,2.37,22615.51,5157.56,1,6,5362.1,0.0,0
54,female,25247.92,4.25,21431.64,business,1951.24,3.69,12527.47,3120.34,0,11,3392.14,1395.65,0
31,female,57613.02,10.83,4820.06,furniture,3623.86,19.55,17896.32,5385.11,1,4,3915.57,2078.54,0
30,female,20595.35,6.41,4057.23,medical,5806.26,19.21,5781.11,2608.96,1,5,1922.68,3534.45,0
44,male,30697.21,0.44,10428.01,business,2733.05,11.25,7281.81,4413.59,1,7,4468.55,7718.54,0
23,female,68464.17,6.09,18617.38,car,15882.35,1.86,33501.95,6692.4,0,3,-620.56,4638.84,0
51,female,60123.96,4.01,1352.98,education,983.56,5.46,17635.16,11297.59,0,2,-198.12,7688.36,0
44,female,71773.17,8.05,500.0,car,21181.91,15.53,12287.48,5964.81,0,2,3222.77,1588.95,0
25,male,40109.86,2.47,18589.77,medical,1804.28,1.82,19561.03,2033.56,1,4,1162.56,6245.34,0
47,male,24259.52,2.7,7176.17,electronics,6568.45,6.85,11750.17,3796.9,0,1,1958.46,4473.8,0
66,male,40672.13,6.33,8862.19,education,5571.05,1.04,11155.96,7407.79,0,6,1507.59,0.0,1
69,female,46836.56,1.49,500.0,business,10612.77,5.11,11206.79,4750.86,3,11,5760.35,6898.06,1
41,male,46421.8,3.35,6568.17,medical,7500.4,8.94,17277.03,8939.55,1,3,5916.66,4576.33,1
22,male,65406.25,8.76,11939.46,education,11537.35,41.48,28227.35,12024.81,1,1,121.5,0.0,0
67,female,38497.13,0.28,19443.02,car,4478.17,4.23,11526.54,8545.21,3,1,-3279.61,1450.95,1
49,male,51336.62,4.23,5830.16,furniture,11092.1,19.98,11926.79,3272.38,0,2,-134.49,1598.08,1
61,male,27204.71,15.0,25259.01,business,9415.86,11.87,6000.21,2477.86,0,7,-690.88,2530.49,0
20,female,53105.71,3.2,6523.55,car,12643.86,7.38,12248.27,7270.34,0,6,4495.25,14553.75,0
34,female,45055.95,5.82,6535.27,electronics,4702.15,3.44,6632.83,4968.46,0,5,4761.49,16541.53,1
34,male,31503.36,12.16,24298.86,electronics,7106.3,11.91,12962.0,3360.15,1,9,-1093.22,0.0,0
58,female,40755.07,1.58,13691.68,electronics,3214.91,15.42,5786.57,1162.12,2,5,-263.51,6929.05,0
56,female,41684.84,0.17,7583.8,other,3365.87,2.96,10809.95,4860.2,0,7,-2437.03,9729.71,0
60,male,40137.21,0.07,10758.93,other,5587.62,5.13,17418.64,2553.52,0,11,2403.14,2703.54,1
40,male,76884.14,1.37,22824.59,other,10217.7,6.18,20116.15,1410.75,0,2,1865.25,9568.54,0
35,male,43227.97,17.08,23729.62,other,6596.99,18.59,9419.58,2707.3,2,2,4367.37,13925.01,1
28,female,40609.87,1.58,5465.65,other,7310.42,4.17,19464.37,11592.48,1,3,3491.39,0.0,0
32,male,8000.0,11.43,11660.53,furniture,1955.74,6.53,1204.94,142.93,3,2,3830.61,4802.57,1
27,female,28904.27,1.52,12721.25,electronics,4791.44,25.18,13120.85,4104.41,0,10,-2626.01,15740.48,1
64,female,40264.68,5.7,4110.08,car,10624.57,13.85,5026.27,1292.18,1,10,121.02,0.0,1
56,male,32654.65,0.12,11554.52,medical,11687.01,1.03,8666.93,6074.43,0,7,4846.69,3308.61,1
56,female,69870.74,3.29,12042.58,other,18652.65,6.42,24642.6,9407.42,1,2,384.27,1309.62,0
68,male,42031.12,2.47,21121.68,car,8391.56,17.67,10424.36,2343.22,0,10,-2882.7,10311.36,0
60,male,68192.0,0.25,21659.4,furniture,10463.55,4.08,21401.55,8764.41,0,11,4423.97,11147.48,0
36,male,46110.68,7.11,9366.32,furniture,14592.55,6.96,8373.73,4430.55,3,5,268.21,4973.96,1
35,male,45670.1,3.1,10288.37,other,7441.41,17.98,14962.16,3203.83,0,8,5187.91,4193.26,0
25,female,43401.66,0.89,17314.34,medical,9077.94,5.21,6676.2,421.43,2,7,1944.76,0.0,1
59,female,45068.33,4.09,7318.49,furniture,12129.42,9.96,18858.33,5652.84,2,6,1168.34,12538.02,0
67,female,75938.31,5.04,16709.12,car,9195.81,0.75,25326.64,17585.58,1,4,6089.57,1881.0,0
58,male,8000.0,1.03,11296.75,electronics,342.03,6.3,2342.18,1678.34,2,4,-1907.97,3146.05,1
44,female,8972.18,0.77,4244.81,business,1543.52,1.49,1093.41,333.1,1,4,6302.66,9829.6,0
36,male,35222.93,4.01,4345.31,car,7453.98,7.44,10563.7,4260.7,0,4,81.93,5185.6,0
42,female,45261.5,7.49,23576.47,education,7102.9,2.19,14729.35,6909.05,2,9,2487.11,10023.05,0
33,male,57421.88,6.73,10748.63,education,22164.12,1.38,11844.24,2891.51,1,10,2515.46,7620.46,1
27,male,53515.57,2.47,25122.83,other,9154.37,4.71,19856.21,4867.83,0,2,718.64,5222.72,0
42,female,38083.57,2.73,7890.91,furniture,9829.15,9.49,4977.75,2120.11,1,1,-286.34,5862.66,0
31,female,63342.79,3.49,14329.64,furniture,12595.68,14.48,11621.86,6079.05,1,6,890.53,0.0,1
60,male,63543.52,0.12,31141.41,education,3131.47,1.55,25100.92,10165.88,2,9,-1043.69,3106.12,1
69,male,48313.04,4.97,3540.91,electronics,2253.41,1.67,7676.41,5393.19,2,7,7885.88,10504.28,0
29,female,62327.84,4.71,500.0,other,19577.73,45.0,12354.59,5883.48,1,10,556.61,0.0,1
18,male,49907.61,10.69,22292.72,medical,8970.19,5.17,17983.82,4044.62,0,8,5476.84,0.0,0
67,male,34893.31,20.34,5385.53,furniture,5093.82,3.02,13662.01,2661.66,0,8,5081.52,0.0,0
34,male,57560.7,1.63,11834.35,electronics,9137.59,1.5,6941.57,3808.15,2,6,3088.79,4920.28,1
32,male,46991.04,1.39,7312.65,business,5612.03,8.21,7078.53,4185.11,0,1,1592.96,12415.17,0
66,male,45024.12,2.15,14145.3,other,12687.13,2.85,12536.84,2255.23,0,2,2581.35,7282.96,0
65,female,71513.16,0.89,4395.71,furniture,18582.84,5.12,24108.37,13360.12,0,9,3716.51,0.0,0
51,male,8000.0,0.76,10560.48,electronics,943.52,0.07,2252.1,1213.5,0,4,2301.41,7891.75,1
26,male,19481.68,2.64,15598.52,business,3969.72,1.07,6990.57,3108.91,0,8,-2700.25,1347.46,1
58,female,23632.73,7.06,3933.53,other,7016.76,0.83,9509.74,6254.83,1,4,-3454.93,7056.29,0
60,male,38461.31,6.8,6399.33,electronics,7244.83,3.59,18454.41,12829.61,1,1,6526.96,3103.0,1
43,female,40417.05,1.58,9220.94,education,2373.38,5.75,9698.16,2297.39,2,8,-5904.14,0.0,0
49,male,17868.14,0.21,569.48,business,3288.75,2.62,2952.57,1449.33,0,10,2587.06,3571.17,0
48,female,27267.16,0.46,8619.51,electronics,3051.11,1.5,5607.04,4370.3,1,5,1295.07,1351.18,0
55,female,29504.85,0.79,12950.37,medical,8986.14,4.15,4699.11,2597.85,1,2,2482.4,5846.29,1
47,female,89233.63,4.38,8803.61,education,27375.15,16.41,22995.35,11144.61,1,5,-1419.9,0.0,1
73,female,77431.36,1.67,9828.99,other,20553.77,4.34,34768.76,21654.72,2,11,3052.03,0.0,1
20,female,37588.51,8.59,11840.79,business,6620.52,1.64,8977.04,703.55,1,4,2618.05,8392.49,1
20,female,38455.5,3.47,6754.05,other,5382.98,2.11,6134.77,2204.05,0,1,10283.04,10653.04,1
26,female,24314.33,0.55,17528.5,other,8643.9,3.11,7514.42,3427.26,0,9,2389.94,7480.35,1
26,male,10653.65,0.17,23487.82,furniture,384.71,0.33,5292.5,2284.0,0,3,6044.71,107.36,1
46,male,42896.16,3.79,8284.96,other,4750.9,2.79,7518.52,2428.71,0,1,-2496.06,0.0,1
22,male,27038.66,0.17,15881.59,car,4643.64,3.71,11116.95,4929.75,1,8,5060.29,0.0,1
28,female,43472.69,1.99,10083.06,furniture,9723.2,18.37,18664.72,6945.9,1,4,2678.82,9342.37,0
47,male,16196.29,1.22,14923.9,car,2490.8,15.0,4219.71,2708.62,1,2,2809.22,0.0,0
69,male,31284.46,2.31,24526.24,car,5931.24,5.17,10881.38,669.55,0,1,2850.71,9304.24,1
63,male,47675.29,2.55,16069.28,medical,2676.16,3.42,13012.94,1885.73,3,3,7119.01,7821.42,0
30,female,51591.77,5.22,500.0,car,8093.6,1.82,10572.74,3116.18,3,2,2765.31,11426.36,0
21,male,52514.5,1.03,15631.97,furniture,19321.56,3.33,14202.42,2785.5,0,1,-352.37,10378.92,0
60,male,21231.2,14.86,21862.91,electronics,7166.04,0.56,2932.37,1037.61,0,5,152.19,7255.93,1
62,female,60384.34,5.71,10227.23,medical,12814.04,1.6,23114.07,11056.63,1,10,4451.38,0.0,1
70,female,30596.19,1.79,19965.08,medical,2276.94,5.16,13207.68,7131.84,0,5,3342.37,7660.77,0
42,female,56391.44,0.03,6479.08,other,6672.04,23.31,12573.03,9079.21,2,1,-2591.42,4692.84,1
21,female,44808.5,1.58,500.0,car,4376.1,12.54,14634.04,3479.5,1,10,3543.93,1760.48,0
71,female,20225.03,4.9,13129.35,furniture,3720.58,12.19,3900.59,1214.21,1,7,-1247.03,12173.35,1
34,female,39308.44,1.13,500.0,electronics,4352.86,6.9,5934.95,3072.51,0,11,3314.77,3091.99,1
39,female,51576.55,0.81,10081.83,furniture,3105.71,24.35,18848.52,5085.96,1,7,-416.66,823.31,0
41,female,56033.38,6.66,22294.74,car,9677.09,2.74,8609.14,4608.37,2,6,1155.55,10744.34,0
74,female,42462.22,5.96,500.0,education,14030.83,0.82,17528.05,10483.17,0,6,365.57,1569.44,1
38,male,72572.02,11.3,1764.03,education,4788.59,1.22,15145.91,9066.38,0,1,6556.74,523.04,0
49,male,63135.19,0.9,3743.74,education,16095.28,0.25,26984.32,8943.34,0,5,3205.54,0.0,0
46,male,40380.23,5.11,11493.44,car,7433.05,4.0,9990.14,4163.39,2,5,5783.34,0.0,0
74,female,58502.19,1.05,9074.27,electronics,19805.46,10.31,14481.46,6419.64,0,4,10685.64,0.0,1
72,female,79808.28,8.73,23193.09,education,4928.32,3.2,31941.6,6243.98,3,10,2140.42,7726.29,1
54,male,80288.72,9.97,19634.79,furniture,12307.77,10.12,24416.31,5867.03,1,11,6505.97,0.0,0
24,female,22896.0,4.54,15962.18,medical,6974.68,4.97,4130.23,2514.71,1,6,-98.37,0.0,0
37,female,28322.4,0.22,13165.04,other,6424.16,1.66,12466.49,6360.7,1,9,5764.63,5819.38,0
55,female,71728.54,3.19,15145.84,other,13804.59,3.68,16932.33,5482.2,1,3,-422.53,196.29,0
63,male,25950.94,0.42,5104.14,business,3106.67,0.25,3661.96,2852.34,1,11,1944.75,3902.4,1
60,female,21194.26,0.3,18857.68,business,7482.78,1.31,5646.16,3726.98,1,8,3610.63,11694.5,1
45,female,36248.51,0.78,3103.65,furniture,7684.91,12.29,11946.95,3623.85,2,9,4082.69,4429.27,1
56,male,52564.08,6.32,18683.02,electronics,13543.68,9.96,18079.63,1952.4,0,7,-1817.65,13057.73,0
35,female,43156.86,2.3,21489.14,car,12955.33,14.61,18740.57,10953.72,0,10,-601.07,3591.12,1
54,male,33289.85,11.53,13686.92,education,7369.09,7.11,10538.33,1773.06,0,6,3834.35,10041.74,0
45,male,32864.18,4.33,10590.3,medical,9882.34,1.35,6227.24,4210.53,1,11,896.85,715.44,1
56,male,32177.93,1.19,15202.48,business,5292.11,24.45,6585.75,2133.07,0,8,-2192.05,4646.14,1
67,male,29168.83,6.69,500.0,car,8906.79,0.82,4093.44,2809.01,0,5,1787.07,0.0,0
64,male,86069.39,0.88,14418.07,education,3378.06,3.09,33943.16,13668.37,0,3,1643.09,0.0,0
59,female,50355.2,0.69,11093.17,other,16365.15,0.42,7169.4,1926.46,0,10,2530.74,2652.0,0
61,female,60961.66,1.47,11594.98,car,3966.49,3.97,20868.7,2830.13,1,1,3587.72,0.0,0
27,male,36196.61,8.84,17652.26,education,5842.52,0.7,12262.65,2057.98,2,1,3396.95,4956.16,0
28,male,41652.78,22.9,11401.85,furniture,16780.67,1.74,17252.64,2705.86,2,1,-304.52,2183.44,1
65,male,32156.03,0.07,2878.35,other,3046.03,9.42,4175.52,1850.38,0,2,767.51,5407.48,0
48,female,8000.0,3.62,10868.78,education,2641.28,2.09,1449.32,799.14,1,3,4783.37,0.0,1
42,male,20195.83,1.77,12540.44,medical,2595.13,0.13,9367.33,2205.4,1,6,370.45,8210.39,1
55,male,12408.86,7.67,12919.47,education,1166.73,7.24,4081.21,1388.29,0,4,814.72,14185.68,0
22,male,8000.0,5.67,13295.35,other,1375.53,3.14,2264.61,545.38,1,5,-2512.81,12919.2,1
27,female,23483.54,0.48,20314.95,electronics,4508.0,1.58,9371.59,3480.76,0,5,1913.96,15423.44,1
26,female,68849.2,1.8,3311.72,medical,12256.04,4.43,31740.32,12182.39,1,5,3035.81,4254.59,1
50,male,44200.15,0.11,13405.6,education,3932.17,3.28,9070.04,2026.38,0,1,-3926.48,1886.03,0
21,female,68230.15,0.7,22319.44,business,16899.14,10.19,31426.14,4324.79,0,6,-1210.75,6925.5,1
20,female,52397.69,3.77,500.0,business,7442.61,6.05,7517.91,2044.53,2,4,-2265.18,2570.68,1
56,female,59086.06,3.64,13437.17,furniture,7655.87,3.0,29015.58,3227.25,3,6,4365.06,0.0,1
59,female,28783.85,11.09,7316.97,other,7837.25,0.76,4776.41,1179.21,2,1,-3737.05,8915.8,0
32,female,54431.12,2.66,9034.32,medical,18216.88,1.57,11239.73,5443.53,0,10,1763.95,2593.59,0
57,female,58116.86,0.5,4761.54,electronics,14564.95,4.61,8057.18,1190.07,0,8,4153.59,0.0,1
23,female,34620.35,3.46,10643.59,business,3855.44,9.03,14591.46,8402.99,2,4,2563.46,950.31,1
41,female,55071.73,4.7,26730.04,business,15511.91,7.6,27188.52,17044.96,3,4,680.12,2730.04,1
38,female,55191.38,1.14,1884.56,education,4384.84,3.68,12075.36,4990.76,0,4,3039.41,4071.0,1
37,female,35108.05,0.98,2643.12,business,1725.3,10.3,8083.45,2150.67,1,11,5110.92,4143.07,0
67,male,24790.17,4.33,1584.52,education,1330.1,2.06,5245.4,3585.39,0,8,1677.17,12214.12,0
22,male,23685.69,0.22,25819.35,medical,1990.19,0.5,3835.45,3242.9,0,6,-4716.81,0.0,1
53,female,46557.1,10.56,8301.28,furniture,9134.18,9.75,19320.16,3700.42,0,8,5443.2,3087.13,0
33,male,50886.18,4.25,11794.89,car,14342.25,8.7,6324.54,2189.93,0,1,3200.79,0.0,0
45,male,30734.54,1.67,8777.74,electronics,3263.5,1.32,14971.09,4217.45,0,10,1900.77,11537.01,1
29,male,45478.54,1.92,4444.62,medical,12882.52,1.61,21417.03,5501.41,1,7,-3941.12,631.28,1
59,male,55269.67,1.26,10118.79,car,1780.43,16.52,8145.4,6378.0,1,4,1105.07,1937.02,1
21,male,56127.43,0.14,31665.95,other,13741.06,8.75,17501.07,10205.86,3,8,-626.43,10298.17,1
22,female,72933.84,6.44,23136.57,electronics,7618.07,2.06,36258.37,11994.78,1,1,-1648.84,11948.65,0
36,male,67985.65,0.95,5176.5,furniture,9157.02,1.56,29984.92,6754.81,0,6,1590.65,12835.74,1
68,female,26976.75,2.9,17180.59,education,4408.23,17.23,10414.47,7052.91,1,11,392.1,0.0,0
19,female,75304.55,0.96,5347.82,medical,13665.13,7.95,8207.02,3592.16,0,9,589.7,6897.48,1
28,female,35442.42,5.45,500.0,other,6729.09,0.69,4513.63,755.57,1,1,4218.88,5620.7,0
46,female,63807.71,1.63,20156.09,business,5232.95,0.59,26646.54,15479.44,1,7,2766.72,3692.64,1
19,male,46223.76,1.48,21280.74,education,7971.17,3.68,11582.65,10148.19,0,8,513.46,4399.41,0
48,male,37581.31,2.82,20368.42,medical,3429.76,8.12,13806.35,250.06,0,6,132.86,11714.64,1
38,male,12461.46,2.85,8241.08,other,655.86,5.14,4930.66,998.8,1,4,635.42,10231.54,1
54,female,41911.84,11.95,10665.79,medical,7439.46,3.05,11268.99,7177.96,1,8,1257.67,9381.48,0
21,male,16931.1,2.94,17998.12,other,2728.61,10.78,2664.15,1100.9,0,5,3752.15,5241.49,1
28,male,62411.39,0.68,15131.97,medical,2572.5,5.3,15894.79,3977.12,1,11,-1127.68,17623.54,0
27,male,72302.27,0.59,8850.9,car,5983.03,8.42,32421.74,20956.5,0,10,6375.32,1596.26,0
60,male,30655.6,10.86,500.0,car,1198.08,0.23,7125.41,2294.24,1,11,3754.32,0.0,0
60,male,50435.47,10.95,12911.0,business,16119.16,8.26,6307.45,2233.53,0,5,-6213.78,2408.54,1
24,male,31942.95,2.12,20632.08,other,1880.32,11.12,15449.29,10413.53,0,8,2256.05,4346.43,0
41,female,33687.27,3.7,2419.29,electronics,5499.14,15.36,12540.79,2986.16,3,2,5122.21,11819.1,0
58,female,58940.9,0.93,17110.08,other,9055.58,3.26,18645.52,7843.55,3,9,3166.12,934.13,1
18,female,44306.31,0.06,14652.33,medical,13237.14,10.01,19124.51,3005.05,0,9,762.98,6947.38,0
23,female,76313.66,1.55,18001.19,car,2103.57,1.01,20182.24,3718.21,2,9,1816.72,0.0,1
54,male,36319.82,6.31,18975.8,education,12090.73,9.38,17943.67,6998.71,2,1,2534.96,10488.51,1
50,male,62988.05,2.81,6444.28,furniture,16363.95,0.63,27905.55,16281.91,1,6,4308.76,4409.92,0
58,male,46753.44,1.3,500.0,car,9174.14,13.6,9921.92,7777.87,4,4,-2245.28,2316.66,1
44,female,59324.0,1.37,7731.84,business,11963.21,9.76,14737.22,5766.39,1,11,184.94,16789.91,1
69,male,36951.16,8.36,19113.02,furniture,7056.41,0.84,7770.73,1824.47,0,6,6915.73,10419.44,0
25,female,44107.94,1.0,7663.97,education,2837.38,1.82,16043.66,8177.38,1,7,2098.84,0.0,1
26,female,42921.02,0.5,6447.65,business,6846.51,0.35,15268.41,1414.33,1,5,6583.71,3343.65,0
54,female,29950.97,3.68,500.0,education,7094.68,7.42,9254.92,7682.34,0,2,10956.78,20417.92,0
66,male,56917.47,1.05,26021.18,car,13306.43,13.87,27681.02,10356.16,0,7,523.9,15872.9,1
19,male,56704.48,13.44,18605.71,car,8700.32,6.47,16382.5,1331.32,0,7,-1591.84,9537.78,0
58,male,55683.98,3.37,18159.17,electronics,7138.49,2.0,23024.71,6196.25,0,5,1203.41,0.0,0
73,female,72665.38,20.81,19741.8,car,8957.45,3.76,26394.83,7585.77,0,7,5296.98,11992.9,0
50,male,71088.21,0.11,16613.67,other,2426.1,17.79,21843.56,11048.36,1,5,5716.69,188.89,1
65,male,38251.0,5.61,10045.37,furniture,7909.34,12.31,4469.17,2709.42,1,8,8815.93,11941.11,1
32,male,51714.94,19.08,10689.89,car,3088.05,9.59,18772.42,12186.79,4,4,1889.58,0.0,1
63,male,33775.19,1.44,8579.49,car,3082.73,9.6,12059.03,4917.95,0,9,3464.17,6932.98,0
44,male,45420.4,5.16,33077.93,business,1026.11,40.93,6810.77,1752.18,1,10,-135.31,158.3,1
35,female,34204.51,2.2,16447.3,business,2299.71,2.1,14310.0,2753.06,2,6,-5520.95,1820.32,1
29,female,74161.27,0.16,8289.6,business,7918.39,10.14,21269.28,10114.51,1,1,1881.04,7733.18,0
66,male,51546.57,4.09,15723.97,electronics,2631.67,0.92,11838.1,4704.4,1,8,-1461.26,0.0,1
58,male,41075.48,1.45,3913.05,electronics,12347.15,2.84,17645.36,9398.17,1,11,3930.07,18234.51,0
62,male,66485.13,0.26,24036.05,business,1744.84,3.58,15780.14,3684.81,0,8,-3644.18,0.0,0
58,male,8000.0,1.79,6711.45,car,863.31,1.16,2789.92,2282.38,2,4,-218.0,0.0,0
32,male,8746.15,1.74,16008.68,electronics,536.62,5.04,3036.37,1641.13,0,7,2803.04,7750.8,1
28,male,59325.1,0.33,20527.82,car,8397.42,6.98,7185.6,2103.42,0,5,3117.09,11751.65,1
54,male,46088.43,1.43,15078.15,electronics,9009.89,8.05,12403.94,8742.42,2,9,1857.68,2057.78,0
32,male,49508.03,5.42,12755.76,other,7928.12,10.5,9362.54,4976.1,0,8,7602.04,0.0,0
54,male,21124.87,7.1,12086.42,medical,4810.61,4.43,3798.85,2270.39,1,7,6708.39,0.0,1
69,female,44581.79,6.01,11548.47,business,14916.8,4.98,16137.93,2881.15,0,5,-52.98,0.0,1
60,male,81063.17,3.8,7386.41,business,2199.73,1.54,8476.29,3363.28,1,2,6828.23,5849.08,1
44,female,59835.59,14.16,8404.13,electronics,10217.38,16.28,29177.73,28200.31,1,7,7286.6,3580.08,0
69,male,48054.72,1.43,23836.72,business,16759.16,2.68,12405.63,3319.64,1,4,1628.29,6555.0,1
49,male,37097.03,1.7,11131.71,medical,2668.3,0.49,8143.59,1317.05,0,10,2136.21,6189.22,0
44,female,37897.69,4.39,5713.63,education,4113.4,3.58,17735.73,9354.11,1,1,1847.84,8945.87,0
72,female,8000.0,2.66,7869.62,car,862.09,5.32,2357.35,873.33,1,10,65.0,1540.34,1
37,female,49637.53,10.57,20802.97,business,7763.34,17.42,17161.19,3695.1,1,9,363.0,0.0,0
29,male,60218.7,5.84,17404.85,car,4916.89,1.41,22783.16,7034.48,0,6,5957.97,4937.76,1
25,female,16638.85,5.69,16482.63,electronics,3046.14,5.86,7463.6,1476.61,1,11,3312.13,3670.06,1
53,male,33094.5,8.31,9939.83,furniture,4973.66,3.62,5026.95,1363.27,2,8,337.43,5517.71,0
47,male,24165.64,4.47,16586.9,car,5872.95,0.69,3205.84,524.06,1,1,-777.99,0.0,1
62,male,27623.68,2.71,6851.51,medical,4526.11,4.1,13742.35,7921.49,2,5,-274.33,7853.3,1
26,female,45962.67,3.13,9923.09,business,16497.63,0.36,4759.6,1840.97,0,10,1508.43,0.0,1
36,female,8000.0,9.9,19758.44,electronics,658.03,8.11,3066.22,360.82,0,9,4739.51,1357.69,1
24,male,56056.87,0.06,18994.22,electronics,17341.2,0.6,19307.45,13421.82,1,2,-580.24,10774.25,0
35,female,58569.39,2.08,4144.72,business,2933.92,4.0,18801.97,6586.58,1,2,4705.11,0.0,0
72,female,40480.15,5.65,5155.79,education,3587.84,3.33,16772.19,2504.1,2,11,2590.87,10301.46,0
69,male,8000.0,3.83,12869.62,furniture,1641.45,19.15,3975.91,2665.84,0,1,2428.53,0.0,1
46,male,27064.46,0.35,25809.06,education,2295.01,3.94,3214.02,1862.12,1,11,5077.39,0.0,0
23,female,67192.23,8.32,500.0,medical,12787.62,1.96,23235.89,5384.22,3,6,4530.08,0.0,0
74,male,8000.0,2.32,14226.66,education,830.88,6.84,3093.69,487.68,2,9,-2213.55,4700.84,1
26,male,38744.58,4.3,991.65,medical,2123.38,0.72,8615.85,3184.45,0,3,-1252.04,8377.57,0
23,female,23759.99,0.11,6925.35,education,3789.58,3.16,10861.75,6819.54,0,4,1311.45,11755.56,1
41,male,59482.27,5.63,9084.57,electronics,2917.02,2.08,16821.41,7990.35,1,9,3067.92,11277.22,1
71,female,32847.95,6.43,8635.93,medical,4075.28,37.35,5445.91,1371.5,0,2,6093.73,9176.19,0
63,male,52271.17,0.85,7729.63,furniture,5983.18,1.29,23091.48,3366.36,1,2,2195.2,0.0,1
38,male,55178.29,1.47,12057.66,business,16051.37,18.33,26329.44,8209.64,3,7,7111.09,0.0,1
43,male,78052.07,1.51,7717.96,business,11856.71,0.96,10912.14,4844.34,1,1,-120.03,8726.75,1
21,female,41347.05,22.97,500.0,furniture,12546.46,2.96,16566.62,7093.25,3,11,387.26,12527.85,0
33,male,51768.8,1.22,18238.96,furniture,4634.9,1.2,9629.29,7443.63,0,8,1082.95,0.0,1
56,male,18269.0,15.84,18022.98,car,6129.51,7.66,1876.02,495.86,0,8,-451.68,11764.0,1
41,female,66427.44,1.44,18745.39,furniture,13185.54,10.38,13567.51,2896.03,0,6,5478.21,0.0,0
73,female,31310.84,2.15,500.0,car,3021.55,1.61,13838.26,2298.09,0,7,-6309.49,6339.55,0
43,male,34906.43,3.63,14391.35,business,3475.3,6.39,5461.93,4090.99,0,11,489.29,3377.16,1
66,female,44599.54,7.98,17407.83,car,7291.51,7.21,6791.06,1231.83,0,1,5444.62,2774.86,0
59,male,16868.08,7.14,3750.38,education,3681.3,3.41,6673.34,4388.45,3,3,1063.04,4187.63,1
46,male,49117.86,3.41,12073.39,car,3729.91,5.82,12895.59,6825.93,0,8,5218.66,0.0,0
67,male,62414.39,3.19,11069.87,medical,19736.39,3.83,9948.51,2887.92,0,2,8593.05,6676.47,0
67,female,50272.81,0.22,26737.21,business,3154.42,13.62,9652.39,3039.6,1,3,2241.15,4364.01,1
36,male,16399.84,2.92,27395.97,electronics,648.79,1.99,6852.52,2304.51,1,1,5506.8,9611.87,1
33,male,42771.43,3.01,500.0,medical,3782.02,0.98,14940.38,7373.51,0,1,9257.41,13542.34,0
58,male,58356.52,8.1,31951.42,furniture,21618.23,7.17,23597.71,14702.73,0,5,3206.27,4761.5,1
19,female,11196.2,1.56,4678.19,business,1338.04,4.28,1557.5,1020.04,1,8,1855.81,0.0,0
57,male,25654.21,2.05,19845.39,business,3491.52,8.03,7266.34,1726.27,1,2,4707.4,0.0,1
42,female,60777.78,6.04,19763.98,education,15236.06,1.07,25456.32,20574.67,0,11,5552.65,14189.51,0
61,male,49861.72,1.11,4034.48,business,7749.61,4.35,10287.33,3249.34,0,9,1883.55,13422.24,0
25,female,52415.49,5.93,15946.14,other,15479.24,0.16,8788.8,5692.11,2,8,548.47,9324.23,1
50,male,78470.91,0.44,11139.73,electronics,5965.9,3.02,19830.66,5610.16,2,1,7152.19,4359.12,0
48,male,53433.95,3.2,16434.64,furniture,15474.63,3.19,12468.92,6555.33,2,6,1188.16,8890.99,1
18,male,56841.98,0.21,13845.38,education,11720.44,3.78,9901.25,7085.06,0,11,5581.19,11826.79,1
47,female,93793.42,12.68,21570.72,education,538.62,7.07,45168.84,22496.35,1,3,2788.6,292.26,1
55,female,41151.52,8.02,12603.2,car,7564.25,0.04,12067.24,9271.52,0,6,7480.9,4178.77,1
41,female,30638.11,4.61,10657.01,other,3489.33,25.5,10515.94,1248.64,0,7,-547.14,0.0,0
52,female,52700.34,2.7,20768.51,education,8644.4,4.88,7822.98,2341.97,0,8,-552.94,3225.63,0
36,female,52901.84,12.63,16643.17,other,3784.37,15.9,18198.97,5790.95,1,11,4563.46,13265.64,0
52,male,35519.12,1.43,17854.51,other,9782.25,2.37,11441.74,7937.51,1,2,-1391.02,10471.29,1
31,female,26416.85,2.49,6683.31,car,8812.27,1.28,12489.14,6179.23,0,1,2349.89,4810.04,0
34,female,86577.2,0.39,3637.9,car,7003.85,1.29,22936.61,6438.23,1,1,6645.23,0.0,1
22,female,50883.18,2.55,7458.22,furniture,11027.23,8.61,21005.84,6203.61,0,3,-3354.5,65.24,0
23,female,31818.86,4.77,7033.43,education,4857.56,1.07,7053.36,6010.74,2,4,3206.42,4614.44,1
25,female,61486.75,4.21,18289.59,electronics,6369.93,8.83,20387.54,6752.72,0,10,5635.24,2704.52,1
28,female,43035.39,9.8,19807.87,car,7051.92,0.21,20260.55,6951.92,0,6,1922.28,4196.64,0
58,female,40448.13,12.93,10758.96,education,6527.14,6.99,14158.0,1485.79,1,9,-781.28,5455.54,0
30,female,55120.91,5.85,23447.35,electronics,6649.7,0.63,21191.98,8627.07,2,7,1212.18,797.92,1
38,male,21746.12,0.91,22947.76,medical,6224.44,6.84,9794.32,3029.84,3,11,-515.56,3954.81,1
27,female,51347.29,3.71,13947.19,medical,8496.17,0.51,24141.94,12190.03,0,4,2207.47,3103.34,1
42,male,79433.19,17.35,5424.87,medical,18481.85,0.63,14560.89,6996.12,1,8,1169.88,0.0,1
31,female,53391.2,16.46,24603.01,education,9730.07,8.85,9521.53,2543.12,0,3,460.22,15078.03,0
36,female,38228.18,5.36,11511.86,business,3538.95,10.57,12240.3,10037.09,1,3,3398.44,1141.25,1
21,male,35872.1,2.03,13009.32,car,7504.69,4.97,17871.72,7689.34,0,11,6737.35,0.0,1
46,female,37613.88,1.63,9283.16,medical,5521.77,3.88,11136.0,5934.71,1,1,2983.46,14699.6,1
33,male,40428.67,0.89,4881.68,education,12981.6,4.57,9394.09,3973.28,1,3,6031.0,0.0,1
55,female,38199.48,0.37,500.0,car,9311.1,6.7,12029.19,1321.18,3,5,6736.47,9399.45,1
74,female,61493.61,4.76,17062.95,car,23665.02,2.32,7733.33,1031.98,1,2,240.08,0.0,0
45,male,13802.24,5.52,5732.79,electronics,4591.49,2.11,2358.56,1353.91,1,9,2824.58,7415.67,1
47,female,60516.0,3.38,36476.25,electronics,6206.26,13.78,9656.43,2134.25,0,4,725.16,3711.12,1
65,female,38165.64,13.09,3311.41,furniture,3271.41,7.45,4242.73,1171.5,1,6,-2446.49,10001.99,0
37,male,51785.06,9.69,1940.94,medical,2105.83,2.56,20138.43,10178.9,0,4,3067.28,2717.77,0
26,female,24714.22,8.23,16081.11,education,2252.61,1.02,5688.96,3335.96,0,10,-1156.45,68.08,0
59,female,68915.36,6.72,24234.51,furniture,12243.68,7.29,11537.43,5732.18,0,5,3452.91,5542.12,0
55,female,67421.43,5.1,12516.72,business,11140.68,11.45,20556.63,13658.62,2,9,-2667.63,1705.05,1
44,female,62272.63,0.85,16577.94,education,3950.22,7.54,14283.96,3511.09,2,7,2512.98,0.0,1
40,female,17734.41,1.8,500.0,medical,3028.24,7.62,4561.42,1340.28,1,11,-2712.2,391.0,1
19,female,59924.18,5.56,6579.91,education,11183.69,4.83,13555.61,4350.15,0,7,4021.59,21212.61,0
49,male,52287.39,4.49,3411.07,medical,8264.41,0.17,5312.05,1528.93,2,11,819.86,0.0,1
49,female,16105.12,2.31,500.0,medical,1379.85,0.37,6044.76,650.85,0,8,530.62,5446.3,0
47,female,44562.65,0.18,12935.84,car,12897.68,0.74,6429.33,354.24,1,1,5379.51,2542.62,0
35,female,51561.62,1.83,500.0,car,7693.23,1.73,9675.9,6431.13,1,2,1035.29,15018.52,1
26,male,55009.35,8.22,1422.43,medical,7364.94,8.72,9688.62,4518.26,2,9,2332.56,0.0,1
50,female,48190.7,2.81,7702.45,education,3571.82,0.76,11206.6,3823.55,2,1,1404.15,4607.82,0
53,male,50242.17,1.8,5349.71,furniture,20219.98,0.46,8243.69,6000.06,0,3,3522.18,8117.19,1
27,female,71525.01,9.7,15171.27,car,14281.77,1.61,17078.8,3534.15,1,9,5128.83,2924.23,0
24,female,67068.61,7.23,14444.64,other,6326.94,1.29,13233.02,6516.49,0,4,4506.91,0.0,0
45,male,8000.0,2.99,19150.39,car,1310.3,4.66,995.89,469.72,2,3,599.99,3866.82,1
20,male,39286.11,0.53,18019.07,education,7833.24,0.31,17609.02,4647.92,1,3,5627.14,2143.02,0
29,female,42036.28,4.1,21126.5,furniture,6299.29,3.04,9341.83,4406.92,1,4,-749.05,2126.18,1
54,female,13462.23,8.3,11984.65,electronics,2888.62,13.75,1859.31,1357.65,0,10,-227.45,9584.27,1
35,female,46695.3,2.41,14427.74,medical,3779.62,6.51,14410.66,1998.05,2,6,1616.6,6417.7,0
44,male,67477.64,0.93,16092.11,education,7544.25,19.57,10075.1,1160.03,2,11,5140.4,7310.6,0
57,female,25441.78,7.82,13133.25,car,4968.59,7.82,10411.72,1459.28,0,8,-1510.45,5981.78,1
28,female,51055.22,4.43,8822.45,car,15620.81,1.97,6363.07,2784.46,0,3,4674.45,9759.28,0
30,male,28515.18,5.95,9340.46,other,2956.24,9.03,8151.19,2261.81,1,2,1835.76,11825.56,1
34,male,32905.58,3.71,5459.53,furniture,6202.66,9.78,15713.42,10009.02,0,11,698.8,2279.72,0
41,male,71593.09,4.32,15372.93,electronics,16722.83,6.35,11711.74,5952.17,0,10,5293.42,8916.81,0
49,female,35233.96,0.44,11247.88,medical,6072.51,9.01,6361.4,3847.39,1,2,-408.01,0.0,0
22,male,53319.82,9.08,6694.61,medical,3749.04,17.08,18138.66,5683.04,1,4,8857.03,0.0,0
45,male,11318.07,2.79,6702.04,furniture,4976.88,4.2,5567.83,2866.21,0,9,1470.07,14958.43,0
57,male,78521.72,1.69,2316.81,furniture,6339.92,0.67,19970.77,7637.76,0,11,2449.53,1999.85,0
66,male,55847.74,1.39,19830.73,education,9633.7,3.01,20074.92,14547.19,2,10,6628.72,5514.84,0
48,female,41715.0,6.17,12628.94,electronics,3819.93,0.73,6713.06,4085.36,1,4,2527.79,0.0,1
53,female,55359.84,2.34,5097.6,business,7978.31,24.87,19739.04,6667.38,1,10,5566.61,0.0,0
64,female,19623.25,4.09,18468.38,medical,2948.02,0.71,3945.55,2947.9,3,8,-3859.48,0.0,1
59,female,66285.55,1.61,7516.41,furniture,4785.81,1.63,22889.4,2450.39,1,6,672.21,7857.39,0
48,female,39168.27,2.51,747.99,electronics,2381.5,5.84,5305.91,4231.79,1,5,3190.2,900.74,1
50,male,41326.75,1.3,20169.78,medical,4564.32,8.66,12810.78,5664.01,1,9,5244.26,1985.26,0
74,male,36150.2,6.11,7703.22,education,5173.95,9.23,7047.92,897.74,1,10,4309.09,0.0,0
61,male,34548.27,9.7,8728.81,education,9184.19,5.56,12875.57,3941.33,1,11,4028.1,10994.73,0
31,female,57504.07,0.46,12329.44,medical,5081.18,1.1,22948.03,13490.83,0,6,5183.17,9211.18,0
43,male,49606.32,3.54,21140.71,business,6579.2,3.47,21789.93,5622.78,0,3,3425.06,1095.11,1
60,female,56731.47,3.11,12160.3,business,6974.67,14.56,28193.16,14551.04,2,10,-4429.55,8104.7,1
47,male,44841.7,2.58,2407.06,education,7341.17,4.35,12723.47,2729.83,2,4,6326.61,2528.58,0
42,female,54237.6,9.8,16351.02,medical,15199.11,0.08,19972.33,5441.45,1,9,-512.99,1974.7,1
52,male,37460.72,7.28,8120.08,car,7941.19,4.62,4022.14,2391.14,1,6,2940.88,3701.74,0
39,male,85135.17,2.38,27103.39,car,10440.65,0.17,39335.41,16597.55,2,7,2543.01,7859.4,1
56,female,16777.25,2.93,11991.04,business,4053.17,5.23,5809.92,1263.02,1,3,2141.98,0.0,0
59,female,67696.87,0.49,500.0,business,3553.99,25.4,18179.18,5542.94,0,3,-1318.12,7014.37,0
69,male,69622.33,0.11,14858.92,furniture,8163.83,4.26,19057.38,12225.53,3,8,-3816.08,18986.93,0
72,male,29661.14,4.66,27556.78,business,6509.94,5.6,11959.32,7220.26,0,3,-1007.14,5098.73,0
58,female,85126.92,1.2,24607.36,car,17291.26,8.27,36892.99,18368.14,0,8,4478.72,4214.31,1
61,male,62918.83,1.96,26647.63,business,7181.12,1.94,26624.82,16685.73,1,11,-2339.87,3494.99,1
62,female,62480.5,8.42,3841.92,electronics,6992.61,0.64,19008.68,10497.63,0,1,-640.84,6869.27,0
36,female,45504.4,1.87,19297.22,business,2293.42,6.17,11305.96,3139.52,0,11,3254.14,0.0,0
70,male,41089.93,10.05,6224.04,electronics,6580.76,2.47,19649.85,11130.84,0,2,-1082.27,14206.51,0
47,female,41230.64,3.89,13794.32,medical,2721.27,5.31,14582.45,7086.06,0,2,370.86,9887.12,1
67,female,52029.55,4.54,1816.38,car,4445.13,2.48,16517.37,12801.19,0,10,2245.46,132.9,1
30,male,70221.35,2.03,6844.35,medical,11703.33,14.58,23828.04,16880.92,0,3,2847.93,4189.28,0
35,male,48263.66,8.27,6590.03,education,18058.41,4.95,16986.23,6123.7,1,8,-1141.68,655.91,1
53,female,28594.01,0.12,19188.44,furniture,5579.39,5.65,11015.25,722.0,0,2,2422.83,5795.41,1
50,male,59839.69,7.67,18405.75,other,9854.06,0.78,19224.93,8853.53,1,1,3196.56,4368.11,1
40,female,61580.71,3.07,14214.56,car,2096.72,3.42,27720.07,7022.94,0,3,-1819.6,5371.8,0
30,female,56783.87,4.57,1196.63,education,6839.28,6.73,25205.55,14066.68,0,6,2644.53,0.0,0
31,female,58418.98,14.59,9506.88,car,23319.98,4.01,16176.4,3331.81,1,4,-149.75,1110.74,1
59,male,40123.29,4.51,6031.07,other,5760.78,1.88,6717.22,4020.39,0,3,2371.75,10876.35,0
19,male,28278.19,4.19,18957.41,furniture,7224.85,7.8,9350.53,6941.05,1,10,4169.24,797.25,1
24,male,29372.52,1.79,21425.48,furniture,4858.51,17.6,10230.33,3544.12,2,2,1471.22,0.0,0
70,male,15561.66,0.7,20451.08,business,3069.9,1.18,4814.03,3590.82,0,2,4740.25,3096.22,1
73,female,49265.08,1.5,5958.24,other,12584.99,8.16,22476.26,5074.51,3,2,4372.44,18468.95,0
22,female,43497.92,10.23,500.0,electronics,10783.91,0.1,5968.27,5006.97,0,10,4723.49,9093.27,0
26,male,37080.22,17.09,500.0,furniture,588.29,0.4,7971.04,4097.66,0,6,3209.33,495.13,0
36,female,8000.0,2.56,23373.02,electronics,136.75,8.96,3570.53,2020.11,0,11,5302.3,3696.39,1
51,male,22548.29,1.2,8789.96,other,2685.73,0.26,10727.69,5184.47,1,9,3155.29,8079.16,0
28,female,65175.13,2.51,5994.2,other,20788.0,0.31,17621.4,9967.03,1,4,-3001.78,0.0,0
73,male,33036.73,12.03,25141.28,car,6757.39,2.41,5849.4,2460.41,2,9,-376.21,0.0,1
46,male,51490.65,0.28,22121.28,other,9024.66,8.12,13806.28,7290.47,0,6,1366.23,6390.08,0
48,male,19967.66,0.36,12195.59,medical,2285.29,0.03,5640.2,4949.67,1,7,1738.33,13566.92,1
29,male,70896.7,2.5,9652.78,education,7354.24,8.7,21823.97,5663.54,1,6,3073.22,1364.06,0
35,male,42407.5,7.53,10943.19,furniture,2652.91,19.25,8894.6,2095.1,1,9,-420.86,13402.1,1
59,male,50220.73,13.29,13817.3,education,21524.83,3.08,11302.22,8773.33,0,3,8026.13,0.0,0
54,male,86864.04,6.23,24800.38,medical,10218.71,7.27,31465.2,16505.01,2,1,1692.63,0.0,1
30,female,72295.92,2.19,15379.74,furniture,5423.71,17.83,25210.86,12729.81,0,9,1976.94,8462.87,0
43,female,39481.82,1.38,17808.23,electronics,4880.64,0.45,14404.59,422.62,1,11,-12.25,7242.39,1
28,male,34322.04,3.89,21354.16,education,9891.95,8.56,8611.88,2498.17,0,7,-1010.13,8417.11,0
41,female,39140.19,2.41,2642.59,car,10057.89,0.91,9181.61,5247.01,0,2,1621.09,8182.63,0
30,male,54178.17,2.16,18038.9,electronics,17608.95,5.85,13036.11,2215.09,1,2,2082.65,5150.5,1
73,female,43105.97,11.46,9643.45,car,4954.19,4.05,20711.15,16537.63,0,6,1739.29,2447.11,1
34,female,37885.61,1.28,500.0,car,8967.3,1.03,9778.2,3031.99,0,10,6965.47,2675.87,0
45,male,71409.26,9.12,500.0,electronics,8344.06,1.04,24454.31,9019.14,0,7,1621.07,1237.59,0
54,female,42944.22,3.79,3855.06,medical,8699.4,12.03,13275.66,767.46,1,4,1742.21,1597.66,0
20,male,86392.6,1.33,16249.79,other,4397.45,1.74,38918.89,8724.59,1,7,4445.89,0.0,0
29,male,46633.37,3.04,12910.4,education,10654.76,7.02,11548.6,3831.71,1,2,1486.8,0.0,0
74,female,77135.73,2.51,13474.93,medical,31887.85,0.62,21108.79,2848.85,2,6,3618.02,3019.47,1
57,male,51431.75,0.69,27607.55,furniture,5172.78,10.1,22481.73,9227.66,1,11,-1837.13,0.0,1
31,female,62333.29,0.34,1847.28,business,3365.39,2.91,10246.54,2523.58,2,7,-1813.43,0.0,1
42,female,31957.0,2.02,11780.53,business,14492.09,7.52,10792.45,3812.52,1,2,2366.18,1994.31,0
66,female,29632.33,9.26,14435.48,electronics,7692.4,2.92,7703.32,4274.55,1,3,1305.15,3230.01,0
29,female,53274.71,2.62,6109.82,education,10416.78,0.81,26334.57,16047.67,1,1,-427.07,2119.87,1
35,male,62793.96,0.03,12226.61,business,20974.67,14.38,24398.82,13896.58,0,5,2365.56,0.0,0
31,male,45724.62,2.29,500.0,electronics,12973.69,0.14,4765.53,2455.11,1,3,2627.3,13314.37,1
55,male,21844.92,0.4,23279.25,business,2518.4,13.55,9519.79,5444.47,0,11,-129.69,0.0,0
48,male,20515.35,3.29,6547.08,furniture,1383.75,5.02,7821.93,1001.71,0,4,443.61,0.0,0
46,female,19311.54,0.21,28251.2,education,5474.22,3.91,6264.36,4211.68,2,1,2649.85,0.0,1
39,female,13182.8,1.48,11740.21,car,1010.96,12.9,2563.41,674.44,1,5,-1063.24,11794.19,0
36,female,46970.74,10.63,20224.43,education,4217.05,6.28,7502.48,5068.26,0,9,187.9,6528.52,1
47,male,65250.79,6.97,11573.58,education,23231.71,25.28,22926.51,4720.97,0,8,3601.81,1160.54,1
63,female,44758.52,5.63,11754.05,medical,3710.44,13.28,12352.28,10446.54,2,11,1928.49,738.06,1
64,female,8000.0,11.45,7327.77,electronics,1234.72,8.2,3557.18,1187.55,0,5,568.39,5077.56,0
62,female,41566.31,2.76,12952.99,car,14125.91,5.14,8518.99,4972.69,1,6,-709.21,0.0,1
20,female,42069.62,0.37,14543.99,car,1468.93,13.29,14935.05,4962.08,1,7,-1039.63,6284.44,0
45,male,82727.98,4.13,5725.93,education,27513.63,2.76,16507.31,3255.45,0,1,1604.73,708.13,1
40,male,18771.52,12.94,10999.64,medical,652.64,0.49,6655.01,2727.02,1,1,8077.44,7117.84,1
71,female,37967.8,2.0,7119.21,other,4526.26,0.62,4531.0,948.32,1,9,3697.36,6914.34,1
41,female,75705.35,5.76,30397.31,medical,4148.98,11.49,19432.27,4697.26,2,5,-1998.59,438.33,0
32,female,53099.61,1.62,11282.15,electronics,7951.86,3.81,8977.78,3553.94,0,8,4121.65,0.0,0
32,female,55139.64,1.47,24361.86,education,8317.44,5.99,18878.36,14349.3,1,11,-276.66,2519.05,1
29,female,47062.52,7.82,10435.02,other,2713.73,1.16,10668.66,2259.92,1,3,1985.43,0.0,1
43,male,50938.98,4.75,14074.3,medical,8988.87,2.85,20814.33,14852.79,1,9,233.42,4471.81,0
33,male,58996.97,21.33,1429.09,education,3933.07,18.92,8603.99,5914.83,0,3,8068.26,2460.57,0
50,male,30429.25,1.92,8423.42,education,5998.07,4.44,9812.98,7053.96,2,9,-1402.32,472.03,1
31,female,60805.05,0.39,13684.28,car,5086.32,2.27,20519.95,13563.85,0,2,2940.84,0.0,0
51,female,20285.95,12.53,24688.03,furniture,3921.42,0.42,2207.96,332.04,0,4,-55.97,11120.74,0
53,female,50910.62,4.71,13775.86,education,2472.31,2.07,5823.88,131.94,0,6,4216.48,1277.91,0
56,female,48217.34,8.56,23069.76,education,7364.05,5.61,10766.74,7924.69,1,6,2880.36,18120.11,0
68,female,33906.72,3.99,17125.83,business,2738.93,4.62,11651.37,1746.45,3,1,5763.66,4209.58,1
22,male,44591.67,8.78,25019.21,electronics,5028.94,3.7,21629.28,13276.58,0,10,4154.35,6109.54,1
21,male,33794.28,3.06,11527.66,furniture,6475.53,12.28,4606.61,666.13,1,1,-80.6,4235.27,0
44,male,25709.38,0.86,31121.78,education,1714.87,3.81,9802.09,1616.31,0,10,10748.61,6049.43,1
47,male,38634.93,2.87,8116.83,other,724.66,1.16,14568.71,2465.18,2,3,3666.28,10556.12,1
61,female,25128.2,0.95,5868.31,other,388.85,2.16,9241.89,1305.97,0,8,348.01,10625.36,0
30,male,50810.35,3.02,2319.58,car,7701.76,9.34,15571.29,3907.82,0,8,2616.62,0.0,1
43,male,24298.46,0.3,30648.2,electronics,6232.29,0.42,11826.8,2582.88,1,6,3892.5,9132.98,0
52,female,57815.59,7.47,18555.58,education,16066.77,14.3,17385.73,7380.66,2,6,3778.38,6982.84,0
55,male,23733.38,3.48,9327.03,furniture,6657.08,3.76,10331.59,6700.21,3,1,3488.08,4215.35,1
